,census_tract_number,panel_name,loan_amount,rank
62,1.0,SALEM FIVE CENTS SVG BK,25040,1.0
24,1.0,EASTERN BK,8977,2.0
7,1.0,BELMONT SVG BK,6947,3.0
70,1.0,UNION YES FCU,5476,4.0
61,1.0,ROCKLAND TC,4134,5.0
74,1.0,"WALKER & DUNLOP, LLC",3934,6.0
10,1.0,BROOKLINE BK,3068,7.0
64,1.0,SANTANDER BK NA,2755,8.0
67,1.0,"STEARNS LENDING, INC.",2587,9.0
76,1.0,WASHINGTON TR MTG CO LLC,2282,10.0
146,2.01,"SALEM FIVE MORTGAGE CO., LLC",3912,1.0
116,2.01,LOANDEPOT.COM,3638,2.0
97,2.01,DIGITAL FCU,3369,3.0
147,2.01,SANTANDER BK NA,3265,4.0
109,2.01,GUARANTEED RATE INC.,3089,5.0
103,2.01,FAIRWAY INDP MORTGAGE CORP,2790,6.0
157,2.01,VILLAGE BK,2705,7.0
134,2.01,PATRIOT COMNTY BK,2667,8.0
155,2.01,UNITED SHORE FINANCIAL SERVICE,2402,9.0
154,2.01,UNION YES FCU,2380,10.0
182,2.02,DIGITAL FCU,4525,1.0
225,2.02,SOUTH SHORE BK,3556,2.0
223,2.02,"SALEM FIVE MORTGAGE CO., LLC",3415,3.0
196,2.02,JPMORGAN CHASE BK NA,2820,4.0
209,2.02,NEEDHAM BK,2780,5.0
198,2.02,LOANDEPOT.COM,2779,6.0
221,2.02,ROCKLAND TC,2770,7.0
233,2.02,WEBSTER BK NA,2440,8.0
229,2.02,VILLAGE BK,2320,9.0
227,2.02,UNION YES FCU,2234,10.0
243,3.01,BROOKLINE BK,16400,1.0
286,3.01,PATRIOT COMNTY BK,3871,2.0
272,3.01,LOANDEPOT.COM,3482,3.0
265,3.01,GUARANTEED RATE INC.,3341,4.0
258,3.01,"FBC MORTGAGE, LLC",3248,5.0
296,3.01,ROCKLAND TC,3138,6.0
302,3.01,UNION YES FCU,2821,7.0
292,3.01,"QUICKEN LOANS, INC.",2649,8.0
307,3.01,WASHINGTON TR MTG CO LLC,2342,9.0
299,3.01,SANTANDER BK NA,2055,10.0
392,3.02,UNION YES FCU,5032,1.0
346,3.02,GUARANTEED RATE INC.,3969,2.0
313,3.02,BANK OF AMER NA,3178,3.0
388,3.02,SANTANDER BK NA,3123,4.0
354,3.02,LOANDEPOT.COM,2982,5.0
400,3.02,WASHINGTON TR MTG CO LLC,2189,6.0
403,3.02,WELLS FARGO BK NA,2029,7.0
316,3.02,BELMONT SVG BK,1617,8.0
355,3.02,LUXURY MORTGAGE CORP.,1451,9.0
371,3.02,PEOPLES FSB,1266,10.0
422,4.01,CAPITAL ONE NA,15014,1.0
419,4.01,BROOKLINE BK,8386,2.0
429,4.01,DIGITAL FCU,7380,3.0
480,4.01,UNION YES FCU,4695,4.0
412,4.01,BELMONT SVG BK,3433,5.0
441,4.01,FIRST REPUBLIC BK,2825,6.0
443,4.01,GUARANTEED RATE INC.,2759,7.0
449,4.01,LOANDEPOT.COM,2684,8.0
470,4.01,"QUICKEN LOANS, INC.",1699,9.0
475,4.01,SANTANDER BK NA,1488,10.0
523,4.02,GUARANTEED RATE INC.,6273,1.0
567,4.02,UNION YES FCU,5537,2.0
528,4.02,JPMORGAN CHASE BK NA,5076,3.0
518,4.02,FIRST REPUBLIC BK,2947,4.0
530,4.02,LOANDEPOT.COM,2661,5.0
560,4.02,ROCKLAND TC,2546,6.0
544,4.02,NEEDHAM BK,2461,7.0
512,4.02,"FBC MORTGAGE, LLC",2289,8.0
536,4.02,MIDDLESEX SVG BK,2244,9.0
511,4.02,FAIRWAY INDP MORTGAGE CORP,2042,10.0
629,5.02,UNITED BK,6000,1.0
575,5.02,BANK OF AMER NA,3476,2.0
601,5.02,FIRST REPUBLIC BK,2569,3.0
631,5.02,WASHINGTON TR MTG CO LLC,2421,4.0
595,5.02,EASTERN BK,1800,5.0
623,5.02,"SALEM FIVE MORTGAGE CO., LLC",1766,6.0
628,5.02,UNION YES FCU,1581,7.0
607,5.02,LOANDEPOT.COM,1543,8.0
586,5.02,CAPITAL ONE NA,1450,9.0
633,5.02,WINCHESTER CO-OP BK,1280,10.0
647,5.03,CAPITAL ONE NA,21368,1.0
661,5.03,GUARANTEED RATE INC.,3159,2.0
674,5.03,NEEDHAM BK,1673,3.0
656,5.03,FAIRWAY INDP MORTGAGE CORP,1479,4.0
687,5.03,"STEARNS LENDING, INC.",1454,5.0
664,5.03,HINGHAM INST FOR SVG,1415,6.5
695,5.03,WASHINGTON TR MTG CO LLC,1415,6.5
654,5.03,EAST BOSTON SVG BK,1403,8.0
686,5.03,SAGE BK,1322,9.0
667,5.03,LOANDEPOT.COM,1271,10.0
712,5.04,CAPITAL ONE NA,17971,1.0
742,5.04,M&T RLTY CAP CORP,8450,2.0
733,5.04,GUARANTEED RATE INC.,5237,3.0
720,5.04,DIGITAL FCU,4376,4.0
724,5.04,FAIRWAY INDP MORTGAGE CORP,3655,5.0
781,5.04,WASHINGTON TR MTG CO LLC,2704,6.0
768,5.04,SAGE BK,2422,7.0
740,5.04,LOANDEPOT.COM,2180,8.0
727,5.04,FIRST REPUBLIC BK,1959,9.0
764,5.04,"QUICKEN LOANS, INC.",1958,10.0
819,6.01,HINGHAM INST FOR SVG,7661,1.0
792,6.01,BOSTON PRIVATE B&TC,7468,2.0
828,6.01,NORTHERN B&TC,4800,3.0
816,6.01,GUARANTEED RATE INC.,4247,4.0
821,6.01,LOANDEPOT.COM,3447,5.0
793,6.01,BROOKLINE BK,2330,6.0
847,6.01,UNION YES FCU,2316,7.0
786,6.01,BANK OF AMER NA,2209,8.0
825,6.01,NEEDHAM BK,1996,9.0
843,6.01,"STEARNS LENDING, INC.",1986,10.0
879,6.02,LOANDEPOT.COM,2869,1.0
888,6.02,NEEDHAM BK,1937,2.0
882,6.02,MIDDLESEX SVG BK,1936,3.0
867,6.02,EASTERN BK,1905,4.0
858,6.02,BOSTON PRIVATE B&TC,1797,5.0
899,6.02,ROCKLAND TC,1765,6.0
856,6.02,BELMONT SVG BK,1665,7.0
905,6.02,WASHINGTON TR MTG CO LLC,1509,8.0
855,6.02,BANK OF CANTON,1430,9.0
901,6.02,SANTANDER BK NA,1317,10.0
918,7.01,CAPITAL ONE NA,15562,1.0
938,7.01,M&T RLTY CAP CORP,10000,2.0
923,7.01,DIGITAL FCU,5156,3.0
956,7.01,ROCKLAND TC,4000,4.0
935,7.01,JPMORGAN CHASE BK NA,3689,5.0
926,7.01,FAIRWAY INDP MORTGAGE CORP,2827,6.0
968,7.01,WASHINGTON TR MTG CO LLC,2434,7.0
925,7.01,EASTERN BK,1646,8.0
911,7.01,BANK OF AMER NA,1636,9.0
932,7.01,GUARANTEED RATE INC.,1442,10.0
989,7.03,UNION YES FCU,8941,1.0
987,7.03,ROCKLAND TC,5000,2.0
979,7.03,JPMORGAN CHASE BK NA,4800,3.0
977,7.03,FIRST REPUBLIC BK,3800,4.0
991,7.03,WELLESLEY BK,2323,5.0
982,7.03,MIDDLESEX FED SVG FA,2000,6.0
981,7.03,METRO CU,800,7.0
972,7.03,BROOKLINE BK,788,8.0
978,7.03,HINGHAM INST FOR SVG,675,9.0
984,7.03,PARKSIDE LENDING LLC,645,10.5
988,7.03,SIERRA PACIFIC MORTGAGE,645,10.5
996,7.04,BOSTON PRIVATE B&TC,13100,1.0
1014,7.04,JPMORGAN CHASE BK NA,7525,2.0
1033,7.04,ROCKLAND TC,6722,3.0
1040,7.04,WASHINGTON TR MTG CO LLC,4744,4.0
1027,7.04,PEOPLES UNITED BK,3510,5.0
999,7.04,CAPITAL ONE NA,3049,6.0
1006,7.04,EASTERN BK,2300,7.0
1041,7.04,WELLESLEY BK,2106,8.0
1013,7.04,HINGHAM INST FOR SVG,1500,9.0
1000,7.04,CATHAY BK,1460,10.0
1069,8.02,EAST BOSTON SAVINGS BANK,15000,1.0
1087,8.02,KEYBANK NA,10000,2.0
1120,8.02,T D BK NA,9725,3.0
1113,8.02,ROCKLAND TC,8071,4.0
1127,8.02,WASHINGTON TR MTG CO LLC,7251,5.0
1090,8.02,M&T RLTY CAP CORP,6735,6.0
1123,8.02,UNION YES FCU,4284,7.0
1048,8.02,BANK OF AMER NA,4238,8.0
1066,8.02,DIGITAL FCU,4000,9.0
1078,8.02,FIRST REPUBLIC BK,3586,10.0
1134,8.03,FAIRWAY INDP MORTGAGE CORP,504,1.0
1135,8.03,"MORTGAGE MASTER, INC.",347,2.0
1136,8.03,ROCKLAND TC,200,3.0
1137,101.03,BROOKLINE BK,1664,1.0
1139,101.03,CENTURY B&TC,1056,2.0
1142,101.03,FIRST REPUBLIC BK,842,3.0
1140,101.03,COMMERCE B&TC,750,4.0
1143,101.03,HINGHAM INST FOR SVG,598,5.0
1138,101.03,CAMBRIDGE TC,250,6.0
1141,101.03,EASTERN BK,205,7.0
1217,101.04,WELLS FARGO BK NA,10104,1.0
1174,101.04,FIRST REPUBLIC BK,9410,2.0
1163,101.04,DIGITAL FCU,8671,3.0
1178,101.04,JPMORGAN CHASE BK NA,5928,4.0
1193,101.04,NORTHERN TC,5484,5.0
1146,101.04,BANK OF AMER NA,4382,6.0
1158,101.04,CITIBANK NA,4104,7.0
1216,101.04,WELLESLEY BK,3429,8.0
1180,101.04,LOANDEPOT.COM,3361,9.0
1210,101.04,UNION YES FCU,3226,10.0
1227,102.03,CAPITAL ONE NA,93310,1.0
1245,102.03,HINGHAM INST FOR SVG,5300,2.0
1243,102.03,FIRST REPUBLIC BK,2493,3.0
1235,102.03,EASTERN BK,1638,4.0
1222,102.03,BANK OF AMER NA,1483,5.0
1223,102.03,BANK OF CANTON,1355,6.0
1246,102.03,JEANNE D'ARC CU,1291,7.0
1266,102.03,WASHINGTON TR MTG CO LLC,1216,8.0
1237,102.03,FAIRWAY INDP MORTGAGE CORP,1179,9.0
1225,102.03,BLUE HILLS BK,960,10.0
1285,102.04,COMMERCE B&TC,36850,1.0
1309,102.04,T D BK NA,14000,2.0
1291,102.04,EASTERN BK,11680,3.0
1299,102.04,HINGHAM INST FOR SVG,3300,4.0
1297,102.04,HARBORONE BK,3000,5.0
1296,102.04,GUARANTEED RATE INC.,2089,6.0
1311,102.04,WASHINGTON TR MTG CO LLC,1998,7.0
1271,102.04,BANK OF AMER NA,1480,8.0
1306,102.04,"SALEM FIVE MORTGAGE CO., LLC",1415,9.0
1300,102.04,JPMORGAN CHASE BK NA,1343,10.0
1321,103.0,RADIUS FINANCIAL GROUP INC.,606,1.0
1325,103.0,WELLS FARGO BK NA,350,2.0
1324,103.0,UNION YES FCU,296,3.0
1319,103.0,"PROSPECT MORTGAGE, LLC",266,4.0
1316,103.0,GMH MORTGAGE SERVICES LLC,228,5.0
1314,103.0,FEDERAL SVGS BK,227,6.0
1322,103.0,RESIDENTIAL MORTGAGE SERVICES,221,7.0
1320,103.0,"QUICKEN LOANS, INC.",203,8.0
1315,103.0,FIRST REPUBLIC BK,196,9.0
1323,103.0,SAGE BK,173,10.0
1337,104.03,CAPITAL ONE NA,56136,1.0
1348,104.03,GUARANTEED RATE INC.,9882,2.0
1346,104.03,"FBC MORTGAGE, LLC",6690,3.0
1369,104.03,WELLS FARGO BK NA,3264,4.0
1328,104.03,BANK OF AMER NA,2638,5.0
1330,104.03,BELMONT SVG BK,2000,6.0
1351,104.03,JPMORGAN CHASE BK NA,1977,7.0
1364,104.03,UNION YES FCU,1815,8.0
1362,104.03,SANTANDER BK NA,1403,9.0
1352,104.03,LOANDEPOT.COM,1375,10.0
1388,104.04,FIRST NIAGARA BK NA,43600,1.0
1392,104.04,JPMORGAN CHASE BK NA,8717,2.0
1402,104.04,RANDOLPH SVG BK,5267,3.0
1407,104.04,WASHINGTON TR MTG CO LLC,4069,4.0
1371,104.04,BANK OF AMER NA,2846,5.0
1387,104.04,"FBC MORTGAGE, LLC",2844,6.0
1389,104.04,GUARANTEED RATE INC.,2250,7.0
1378,104.04,CAMBRIDGE TC,2108,8.0
1375,104.04,BELMONT SVG BK,2000,9.0
1395,104.04,MORGAN STANLEY PRIV BK NA,1618,10.0
1417,104.05,EASTERN BK,15900,1.0
1414,104.05,CAPITAL ONE NA,9400,2.0
1419,104.05,"FBC MORTGAGE, LLC",3320,3.0
1436,104.05,UNITED BK,1402,4.0
1421,104.05,GUARANTEED RATE INC.,1306,5.0
1430,104.05,"NORTHEAST HOME LOAN, LLC",1022,6.0
1411,104.05,BLUE HILLS BK,932,7.0
1418,104.05,FAIRWAY INDP MORTGAGE CORP,525,8.0
1431,104.05,"OCWEN LOAN SERVICING, LLC",479,9.0
1416,104.05,EAST BOSTON SVG BK,473,10.0
1454,104.08,"MORTGAGE NETWORK, INC",2403,1.0
1444,104.08,COMMERCE B&TC,1300,2.0
1460,104.08,PEOPLES UNITED BK,1233,3.0
1463,104.08,RESIDENTIAL MORTGAGE SERVICES,1063,4.0
1459,104.08,"OCWEN LOAN SERVICING, LLC",863,5.0
1461,104.08,"POLI MORTGAGE GROUP, INC",790,6.0
1448,104.08,FIRST REPUBLIC BK,698,7.0
1458,104.08,NORTHERN B&TC,665,8.0
1446,104.08,FAIRWAY INDP MORTGAGE CORP,488,9.0
1457,104.08,"NORTHEAST HOME LOAN, LLC",456,10.0
1512,105.0,WELLS FARGO BK NA,50624,1.0
1468,105.0,BANK OF AMER NA,6746,2.0
1485,105.0,JPMORGAN CHASE BK NA,5429,3.0
1475,105.0,CAMBRIDGE SVG BK,4342,4.0
1494,105.0,NEEDHAM BK,3800,5.0
1472,105.0,BOSTON PRIVATE B&TC,2810,6.0
1495,105.0,PATRIOT COMNTY BK,2282,7.0
1503,105.0,SANTANDER BK NA,2100,8.0
1481,105.0,FIRST NIAGARA BK NA,1684,9.0
1491,105.0,MORGAN STANLEY PRIV BK NA,1600,10.0
1572,106.0,WELLS FARGO BK NA,94470,1.0
1533,106.0,FIRST REPUBLIC BK,26709,2.0
1526,106.0,EAST BOSTON SAVINGS BANK,13918,3.0
1515,106.0,BANK OF AMER NA,9950,4.0
1519,106.0,BOSTON PRIVATE B&TC,8313,5.0
1545,106.0,MUTUALONE BK,8200,6.0
1518,106.0,BNY MELLON NA,4600,7.0
1566,106.0,T D BK NA,4053,8.0
1568,106.0,UNION YES FCU,3149,9.0
1565,106.0,STONEHAMBK,2909,10.0
1604,107.01,FIRST REPUBLIC BK,35917,1.0
1582,107.01,BOSTON PRIVATE B&TC,21542,2.0
1598,107.01,EASTERN BK,15000,3.0
1607,107.01,HINGHAM INST FOR SVG,9325,4.0
1575,107.01,BANK OF AMER NA,9165,5.0
1618,107.01,NEEDHAM BK,8620,6.0
1591,107.01,CLINTON SVG BK,7630,7.0
1641,107.01,WELLS FARGO BK NA,5931,8.0
1610,107.01,JPMORGAN CHASE BK NA,5758,9.0
1622,107.01,PEOPLES UNITED BK NA,4951,10.0
1643,107.02,BANK OF AMER NA,36655,1.0
1672,107.02,FIRST REPUBLIC BK,36419,2.0
1688,107.02,MOUNTAINONE BK,10755,3.0
1679,107.02,JPMORGAN CHASE BK NA,9778,4.0
1705,107.02,ROCKLAND TC,8000,5.0
1648,107.02,BNY MELLON NA,7753,6.0
1662,107.02,COMERICA BK,7268,7.0
1707,107.02,"SALEM FIVE MORTGAGE CO., LLC",6913,8.0
1712,107.02,UNION YES FCU,6540,9.0
1649,107.02,BOSTON PRIVATE B&TC,5700,10.0
1751,108.01,FIRST REPUBLIC BK,58550,1.0
1722,108.01,BANK OF AMER NA,15821,2.0
1757,108.01,JPMORGAN CHASE BK NA,12014,3.0
1731,108.01,BROOKLINE BK,11883,4.0
1804,108.01,WELLS FARGO BK NA,11817,5.0
1728,108.01,BNY MELLON NA,11386,6.0
1803,108.01,WELLESLEY BK,7756,7.0
1736,108.01,CITIBANK NA,7380,8.0
1764,108.01,MIDDLESEX SVG BK,6874,9.0
1730,108.01,BOSTON PRIVATE B&TC,6704,10.0
1834,108.02,FIRST REPUBLIC BK,45215,1.0
1839,108.02,HINGHAM INST FOR SVG,30647,2.0
1806,108.02,BANK OF AMER NA,22330,3.0
1812,108.02,BROOKLINE BK,18600,4.0
1842,108.02,JPMORGAN CHASE BK NA,14328,5.0
1811,108.02,BOSTON PRIVATE B&TC,14046,6.0
1836,108.02,GOLDMAN SACHS BK USA,10703,7.0
1813,108.02,CAMBRIDGE SVG BK,9217,8.0
1874,108.02,UNION YES FCU,8850,9.0
1830,108.02,EASTERN BK,8355,10.0
1918,201.01,FIRST REPUBLIC BK,85703,1.0
1927,201.01,JPMORGAN CHASE BK NA,38211,2.0
1885,201.01,BANK OF AMER NA,33385,3.0
1892,201.01,BOSTON PRIVATE B&TC,33276,4.0
1972,201.01,WELLS FARGO BK NA,22795,5.0
1901,201.01,CITIBANK NA,17748,6.0
1923,201.01,HINGHAM INST FOR SVG,17422,7.0
1919,201.01,GOLDMAN SACHS BK USA,15525,8.0
1896,201.01,CAMBRIDGE TC,12063,9.0
1966,201.01,UNION YES FCU,10551,10.0
2017,202.0,FIRST REPUBLIC BK,12318,1.0
1977,202.0,BANK OF AMER NA,9571,2.0
2047,202.0,PEOPLES UNITED BK,9511,3.0
2066,202.0,"WALKER & DUNLOP, LLC",8848,4.0
1986,202.0,BOSTON PRIVATE B&TC,8791,5.0
2071,202.0,WELLS FARGO BK NA,8114,6.0
2064,202.0,UNION YES FCU,6340,7.0
1989,202.0,BROOKLINE BK,5985,8.0
2005,202.0,DEDHAM INST FOR SVG,5225,9.0
2026,202.0,JPMORGAN CHASE BK NA,5132,10.0
2075,203.01,BANK OF AMER NA,1752,1.0
2081,203.01,CAMBRIDGE TC,1440,2.0
2094,203.01,NORTHERN B&TC,1242,3.0
2088,203.01,GUARANTEED RATE INC.,1191,4.0
2082,203.01,CITIBANK NA,1064,5.0
2079,203.01,BOSTON PRIVATE B&TC,960,6.0
2106,203.01,WELLS FARGO BK NA,769,7.0
2077,203.01,BARRINGTON B&TC NA,703,8.0
2103,203.01,WASHINGTON TR MTG CO LLC,649,9.0
2102,203.01,"STEARNS LENDING, INC.",601,10.0
2127,203.02,FIRST REPUBLIC BK,11452,1.0
2131,203.02,HINGHAM INST FOR SVG,10623,2.0
2123,203.02,EASTERN BK,6592,3.0
2160,203.02,WEBSTER BK NA,4738,4.0
2121,203.02,COOPERATIVE BK,3800,5.0
2156,203.02,UNION YES FCU,3555,6.0
2145,203.02,PEOPLES UNITED BK NA,3120,7.0
2162,203.02,WELLS FARGO BK NA,3110,8.0
2115,203.02,BROOKLINE BK,2798,9.0
2158,203.02,VILLAGE BK,2520,10.0
2184,203.03,FIRST REPUBLIC BK,5658,1.0
2174,203.03,CITIBANK NA,4881,2.0
2165,203.03,BANK OF AMER NA,3585,3.0
2192,203.03,LOANDEPOT.COM,3573,4.0
2186,203.03,GUARANTEED RATE INC.,3213,5.0
2209,203.03,SANTANDER BK NA,1923,6.0
2196,203.03,"MORTGAGE MASTER, INC.",1686,7.0
2168,203.03,BERKSHIRE BK,1529,8.0
2216,203.03,WELLS FARGO BK NA,1388,9.0
2191,203.03,JPMORGAN CHASE BK NA,1270,10.0
2236,301.0,EAST BOSTON SVG BK,6687,1.0
2246,301.0,FIRST REPUBLIC BK,6663,2.0
2221,301.0,BERKSHIRE BK,5477,3.0
2250,301.0,HINGHAM INST FOR SVG,5186,4.0
2248,301.0,GUARANTEED RATE INC.,4025,5.0
2252,301.0,JPMORGAN CHASE BK NA,3754,6.0
2271,301.0,"SALEM FIVE MORTGAGE CO., LLC",3443,7.0
2253,301.0,LOANDEPOT.COM,3048,8.0
2285,301.0,WEBSTER FIVE CENTS SVG BK,2850,9.0
2232,301.0,DIGITAL FCU,2726,10.0
2316,302.0,JPMORGAN CHASE BK NA,18432,1.0
2298,302.0,CENTURY B&TC,4947,2.0
2303,302.0,DIGITAL FCU,4610,3.0
2311,302.0,GUARANTEED RATE INC.,3406,4.0
2345,302.0,WELLS FARGO BK NA,2531,5.0
2341,302.0,UNION YES FCU,2511,6.0
2323,302.0,MSA MORTGAGE LLC,1746,7.0
2300,302.0,CITIZENS BK NA,1733,8.0
2339,302.0,SANTANDER BK NA,1674,9.0
2327,302.0,NORTHMARK BK,1627,10.0
2380,303.0,EAST BOSTON SVG BK,45639,1.0
2394,303.0,FIRST REPUBLIC BK,22745,2.0
2452,303.0,WELLS FARGO BK NA,9616,3.0
2444,303.0,UNION YES FCU,8102,4.0
2401,303.0,JPMORGAN CHASE BK NA,7097,5.0
2437,303.0,SANTANDER BK NA,6246,6.0
2395,303.0,GUARANTEED RATE INC.,5588,7.0
2436,303.0,"SALEM FIVE MORTGAGE CO., LLC",5274,8.0
2403,303.0,LOANDEPOT.COM,4550,9.0
2424,303.0,PEOPLES UNITED BK,4258,10.0
2476,304.0,EAST BOSTON SAVINGS BANK,16864,1.0
2477,304.0,EAST BOSTON SVG BK,12757,2.0
2473,304.0,DIGITAL FCU,10178,3.0
2493,304.0,JPMORGAN CHASE BK NA,6864,4.0
2463,304.0,BROOKLINE BK,6158,5.0
2490,304.0,HARBORONE BK,4500,6.0
2489,304.0,GUARANTEED RATE INC.,3773,7.0
2478,304.0,EAST CAMBRIDGE SVG BK,2911,8.0
2467,304.0,CENTURY B&TC,2836,9.0
2532,304.0,WELLS FARGO BK NA,2700,10.0
2580,305.0,JPMORGAN CHASE BK NA,36682,1.0
2570,305.0,FIRST REPUBLIC BK,27405,2.0
2544,305.0,BOSTON PRIVATE B&TC,27353,3.0
2561,305.0,EAST BOSTON SAVINGS BANK,17525,4.0
2563,305.0,EASTERN BK,8137,5.0
2622,305.0,WELLS FARGO BK NA,7894,6.0
2573,305.0,GUARANTEED RATE INC.,7717,7.0
2562,305.0,EAST CAMBRIDGE SVG BK,6120,8.0
2592,305.0,MSA MORTGAGE LLC,4477,9.0
2536,305.0,BANK OF AMER NA,4468,10.0
2664,401.0,FIRST REPUBLIC BK,14834,1.0
2674,401.0,JPMORGAN CHASE BK NA,11787,2.0
2669,401.0,GUARANTEED RATE INC.,11159,3.0
2705,401.0,"PROSPECT MORTGAGE, LLC",8714,4.0
2715,401.0,UNION YES FCU,8580,5.0
2723,401.0,WELLS FARGO BK NA,6075,6.0
2675,401.0,LOANDEPOT.COM,5992,7.0
2721,401.0,WEBSTER BK NA,5022,8.0
2629,401.0,BANK OF AMER NA,4783,9.0
2648,401.0,COOPERATIVE BK,4330,10.0
2753,402.0,JPMORGAN CHASE BK NA,5071,1.0
2782,402.0,WELLS FARGO BK NA,4642,2.0
2749,402.0,GUARANTEED RATE INC.,4218,3.0
2754,402.0,LOANDEPOT.COM,3770,4.0
2773,402.0,"SALEM FIVE MORTGAGE CO., LLC",3269,5.0
2748,402.0,FIRST REPUBLIC BK,3122,6.0
2726,402.0,BANK OF AMER NA,3035,7.0
2779,402.0,UNION YES FCU,2823,8.0
2761,402.0,"MORTGAGE MASTER, INC.",2538,9.0
2769,402.0,"PROSPECT MORTGAGE, LLC",2349,10.0
2908,403.0,UNION YES FCU,31663,1.0
2841,403.0,GUARANTEED RATE INC.,21348,2.0
2850,403.0,JPMORGAN CHASE BK NA,15428,3.0
2887,403.0,"PROSPECT MORTGAGE, LLC",13401,4.0
2853,403.0,LOANDEPOT.COM,13178,5.0
2918,403.0,WELLS FARGO BK NA,12309,6.0
2880,403.0,PEOPLES UNITED BK,9951,7.0
2863,403.0,"MORTGAGE MASTER, INC.",8834,8.0
2876,403.0,NORTHERN B&TC,8717,9.0
2881,403.0,PEOPLES UNITED BK NA,7588,10.0
2933,404.01,BERKELEY POINT CAPITAL,21800,1.0
3012,404.01,UNION YES FCU,13066,2.0
2966,404.01,GUARANTEED RATE INC.,8149,3.0
2993,404.01,PEOPLES UNITED BK NA,6467,4.0
2972,404.01,LOANDEPOT.COM,5424,5.0
2996,404.01,"PROSPECT MORTGAGE, LLC",5296,6.0
2969,404.01,JPMORGAN CHASE BK NA,4646,7.0
2992,404.01,PEOPLES UNITED BK,4627,8.0
2944,404.01,CITIZENS BK NA,4317,9.0
2979,404.01,"MORTGAGE MASTER, INC.",4305,10.0
3134,406.0,UNION YES FCU,23718,1.0
3073,406.0,GUARANTEED RATE INC.,16357,2.0
3051,406.0,COOPERATIVE BK,12300,3.0
3114,406.0,"PROSPECT MORTGAGE, LLC",10221,4.0
3079,406.0,JPMORGAN CHASE BK NA,10181,5.0
3082,406.0,LOANDEPOT.COM,9172,6.0
3027,406.0,BANK OF AMER NA,8158,7.0
3145,406.0,WELLS FARGO BK NA,6988,8.0
3108,406.0,PEOPLES UNITED BK,6072,9.0
3078,406.0,JEANNE D'ARC CU,5954,10.0
3216,408.01,"PROSPECT MORTGAGE, LLC",19820,1.0
3172,408.01,EAST BOSTON SAVINGS BANK,12413,2.0
3182,408.01,GUARANTEED RATE INC.,7759,3.0
3233,408.01,UNION YES FCU,5596,4.0
3180,408.01,FIRST REPUBLIC BK,4950,5.0
3152,408.01,BANK OF AMER NA,4553,6.0
3164,408.01,CITIBANK NA,4408,7.0
3242,408.01,WELLS FARGO BK NA,4097,8.0
3187,408.01,LOANDEPOT.COM,3841,9.0
3197,408.01,"MORTGAGE NETWORK, INC",3291,10.0
3280,501.01,GUARANTEED RATE INC.,6617,1.0
3263,501.01,DIGITAL FCU,4126,2.0
3296,501.01,MSA MORTGAGE LLC,3346,3.0
3321,501.01,WELLS FARGO BK NA,2746,4.0
3303,501.01,PEOPLESBANK,2625,5.0
3304,501.01,PRIMELENDING A PLAINSCAPITAL C,2069,6.0
3277,501.01,FIRST REPUBLIC BK,1750,7.0
3254,501.01,CAMBRIDGE SVG BK,1718,8.0
3312,501.01,SAGE BK,1621,9.0
3247,501.01,AMERICAN NEIGHBORHOOD MORTGAGE,1416,10.0
3346,502.0,EAST BOSTON SVG BK,43564,1.0
3361,502.0,GUARANTEED RATE INC.,11654,2.0
3372,502.0,MSA MORTGAGE LLC,4856,3.0
3352,502.0,FAIRWAY INDP MORTGAGE CORP,3659,4.0
3342,502.0,DIGITAL FCU,2900,5.0
3405,502.0,WELLS FARGO BK NA,2823,6.0
3398,502.0,UNION YES FCU,2743,7.0
3364,502.0,HINGHAM INST FOR SVG,2243,8.0
3380,502.0,PEOPLES UNITED BK NA,1926,9.0
3401,502.0,"WALKER & DUNLOP, LLC",1922,10.0
3415,503.0,EAST BOSTON SVG BK,2629,1.0
3420,503.0,MOUNTAINONE BK,2575,2.0
3421,503.0,MSA MORTGAGE LLC,1111,3.0
3424,503.0,RESIDENTIAL MORTGAGE SERVICES,962,4.0
3410,503.0,CITIZENS BK NA,912,5.0
3414,503.0,EAST BOSTON SAVINGS BANK,875,6.0
3409,503.0,CAMBRIDGE SVG BK,768,7.0
3411,503.0,COMMONWEALTH CO-OP BK,642,8.0
3422,503.0,PRIMELENDING A PLAINSCAPITAL C,618,9.0
3423,503.0,"QUICKEN LOANS, INC.",497,10.0
3450,504.0,EAST BOSTON SVG BK,9004,1.0
3452,504.0,EVERETT CO-OP BK,7540,2.0
3459,504.0,GUARANTEED RATE INC.,3755,3.0
3479,504.0,PILGRIM BK,2857,4.0
3494,504.0,UNION YES FCU,2820,5.0
3464,504.0,LOANDEPOT.COM,2719,6.0
3467,504.0,METRO CU,2516,7.0
3449,504.0,EAST BOSTON SAVINGS BANK,2365,8.0
3498,504.0,WINTER HILL BK,2295,9.0
3453,504.0,FAIRWAY INDP MORTGAGE CORP,2160,10.0
3528,505.0,MUTUAL FIRST FCU,5450,1.0
3514,505.0,FIRST REPUBLIC BK,2190,2.0
3500,505.0,BLUE HILLS BK,1617,3.0
3508,505.0,EAST BOSTON SVG BK,1601,4.0
3521,505.0,METRO CU,1496,5.0
3543,505.0,UNION YES FCU,1419,6.0
3512,505.0,FAIRWAY INDP MORTGAGE CORP,1269,7.0
3518,505.0,GUARANTEED RATE INC.,1262,8.0
3532,505.0,PILGRIM BK,1174,9.0
3509,505.0,EASTERN BK,1100,10.0
3556,506.0,BOSTON PRIVATE B&TC,21000,1.0
3564,506.0,EAST BOSTON SVG BK,15815,2.0
3566,506.0,EASTERN BK,3750,3.0
3571,506.0,FIRST REPUBLIC BK,2852,4.0
3576,506.0,METRO CU,2354,5.0
3580,506.0,MUTUAL FIRST FCU,2159,6.0
3585,506.0,PRIMELENDING A PLAINSCAPITAL C,1820,7.0
3584,506.0,PILGRIM BK,1780,8.0
3574,506.0,GUARANTEED RATE INC.,1752,9.0
3557,506.0,CAMBRIDGE SVG BK,1719,10.0
3650,507.0,PEOPLESBANK,7500,1.0
3634,507.0,LOANDEPOT.COM,4998,2.0
3641,507.0,MSA MORTGAGE LLC,4836,3.0
3661,507.0,RESIDENTIAL MORTGAGE SERVICES,3505,4.0
3672,507.0,UNION YES FCU,3106,5.0
3630,507.0,GUARANTEED RATE INC.,2838,6.0
3604,507.0,BEVERLY BK,2705,7.0
3656,507.0,PRIMELENDING A PLAINSCAPITAL C,2572,8.0
3623,507.0,FAIRWAY INDP MORTGAGE CORP,1969,9.0
3679,507.0,WINTER HILL BK,1793,10.0
3731,509.01,MSA MORTGAGE LLC,4192,1.0
3744,509.01,PRIMELENDING A PLAINSCAPITAL C,3761,2.0
3720,509.01,GUARANTEED RATE INC.,3346,3.0
3701,509.01,DIGITAL FCU,2900,4.0
3703,509.01,EAST BOSTON SAVINGS BANK,2697,5.0
3723,509.01,LOANDEPOT.COM,2571,6.0
3752,509.01,"SALEM FIVE MORTGAGE CO., LLC",2159,7.0
3761,509.01,UNION YES FCU,1966,8.0
3704,509.01,EAST BOSTON SVG BK,1710,9.0
3715,509.01,FIRST REPUBLIC BK,1701,10.0
3807,510.0,GUARANTEED RATE INC.,4930,1.0
3788,510.0,DIGITAL FCU,3750,2.0
3842,510.0,UNION YES FCU,2945,3.0
3833,510.0,"PROSPECT MORTGAGE, LLC",2618,4.0
3820,510.0,MSA MORTGAGE LLC,2390,5.0
3791,510.0,EAST BOSTON SAVINGS BANK,2065,6.0
3848,510.0,WELLS FARGO BK NA,2021,7.0
3832,510.0,PRIMELENDING A PLAINSCAPITAL C,1892,8.0
3809,510.0,LOANDEPOT.COM,1882,9.0
3840,510.0,SANTANDER BK NA,1672,10.0
3862,511.01,BOSTON PRIVATE B&TC,12095,1.0
3881,511.01,EAST BOSTON SAVINGS BANK,11416,2.0
3922,511.01,MSA MORTGAGE LLC,9370,3.0
3954,511.01,UNION YES FCU,5798,4.0
3893,511.01,FIRST PRIORITY CU,4244,5.0
3897,511.01,GUARANTEED RATE INC.,3878,6.0
3936,511.01,PRIMELENDING A PLAINSCAPITAL C,3521,7.0
3962,511.01,WELLS FARGO BK NA,3091,8.0
3939,511.01,"QUICKEN LOANS, INC.",3061,9.0
3882,511.01,EAST BOSTON SVG BK,2575,10.0
3988,512.0,DIGITAL FCU,5840,1.0
4018,512.0,MSA MORTGAGE LLC,4975,2.0
4048,512.0,UNION YES FCU,4672,3.0
3996,512.0,FAIRWAY INDP MORTGAGE CORP,4542,4.0
4005,512.0,HINGHAM INST FOR SVG,4521,5.0
4000,512.0,FIRST REPUBLIC BK,4458,6.0
4009,512.0,LOANDEPOT.COM,4123,7.0
4003,512.0,GUARANTEED RATE INC.,3955,8.0
3987,512.0,DEDHAM INST FOR SVG,3223,9.0
3994,512.0,EASTERN BK,2869,10.0
4114,601.01,GUARANTEED RATE INC.,14729,1.0
4165,601.01,UNION YES FCU,12069,2.0
4172,601.01,WELLS FARGO BK NA,9559,3.0
4071,601.01,BOSTON PRIVATE B&TC,8656,4.0
4099,601.01,EAST BOSTON SVG BK,7489,5.0
4120,601.01,JEANNE D'ARC CU,6454,6.0
4145,601.01,PEOPLES UNITED BK NA,6295,7.0
4169,601.01,WASHINGTON TR MTG CO LLC,5569,8.0
4068,601.01,BERKSHIRE BK,5382,9.0
4103,601.01,FAIRWAY INDP MORTGAGE CORP,5071,10.0
4215,602.0,GUARANTEED RATE INC.,12969,1.0
4220,602.0,INSTITUTION SVG IN NEWBURYPORT,10152,2.0
4272,602.0,UNION YES FCU,7023,3.0
4203,602.0,EAST BOSTON SVG BK,4754,4.0
4278,602.0,WELLS FARGO BK NA,4472,5.0
4223,602.0,LOANDEPOT.COM,4413,6.0
4235,602.0,NEEDHAM BK,3759,7.0
4252,602.0,"PROSPECT MORTGAGE, LLC",3121,8.0
4256,602.0,RANDOLPH SVG BK,2905,9.0
4212,602.0,FIRST REPUBLIC BK,2774,10.0
4393,603.01,UNION YES FCU,13361,1.0
4322,603.01,FAIRWAY INDP MORTGAGE CORP,11574,2.0
4330,603.01,GUARANTEED RATE INC.,10139,3.0
4404,603.01,WELLS FARGO BK NA,8160,4.0
4338,603.01,LOANDEPOT.COM,7841,5.0
4379,603.01,RESIDENTIAL MORTGAGE SERVICES,7651,6.0
4349,603.01,MSA MORTGAGE LLC,7203,7.0
4317,603.01,EAST BOSTON SVG BK,6665,8.0
4399,603.01,WASHINGTON TR MTG CO LLC,5658,9.0
4333,603.01,HINGHAM INST FOR SVG,5544,10.0
4561,604.0,UNION YES FCU,28628,1.0
4475,604.0,GUARANTEED RATE INC.,17468,2.0
4488,604.0,LOANDEPOT.COM,14676,3.0
4425,604.0,BROOKLINE BK,9515,4.0
4453,604.0,EAST BOSTON SVG BK,9488,5.0
4540,604.0,RESIDENTIAL MORTGAGE SERVICES,9070,6.0
4461,604.0,FAIRWAY INDP MORTGAGE CORP,7753,7.0
4535,604.0,"QUICKEN LOANS, INC.",7715,8.0
4573,604.0,WELLS FARGO BK NA,7478,9.0
4411,604.0,BANK OF AMER NA,7375,10.0
4613,605.01,EAST BOSTON SAVINGS BANK,29953,1.0
4635,605.01,GUARANTEED RATE INC.,24294,2.0
4712,605.01,UNION YES FCU,23909,3.0
4614,605.01,EAST BOSTON SVG BK,22723,4.0
4723,605.01,WELLS FARGO BK NA,13877,5.0
4679,605.01,PEOPLES UNITED BK,12296,6.0
4646,605.01,LOANDEPOT.COM,11944,7.0
4641,605.01,JPMORGAN CHASE BK NA,11066,8.0
4582,605.01,BANK OF AMER NA,10530,9.0
4630,605.01,FIRST REPUBLIC BK,9331,10.0
4731,606.0,BANK OF AMER NA,27827,1.0
4840,606.0,WELLS FARGO BK NA,20233,2.0
4772,606.0,FIRST REPUBLIC BK,18543,3.0
4778,606.0,GUARANTEED RATE INC.,14791,4.0
4784,606.0,JPMORGAN CHASE BK NA,13485,5.0
4832,606.0,UNION YES FCU,11425,6.0
4742,606.0,CAMBRIDGE SVG BK,10599,7.0
4786,606.0,LOANDEPOT.COM,7240,8.0
4730,606.0,AVIDIA BK,7181,9.0
4830,606.0,UBS BK USA,6449,10.0
4991,608.0,UNION YES FCU,23811,1.0
4912,608.0,GUARANTEED RATE INC.,22553,2.0
4951,608.0,NEEDHAM BK,15307,3.0
4923,608.0,LOANDEPOT.COM,15288,4.0
4890,608.0,EAST BOSTON SAVINGS BANK,12187,5.0
4977,608.0,RESIDENTIAL MORTGAGE SERVICES,10046,6.0
4897,608.0,FAIRWAY INDP MORTGAGE CORP,9745,7.0
4974,608.0,"QUICKEN LOANS, INC.",7715,8.0
4983,608.0,SANTANDER BK NA,7413,9.0
5000,608.0,WELLS FARGO BK NA,7020,10.0
5040,610.0,GUARANTEED RATE INC.,11200,1.0
5023,610.0,EAST BOSTON SVG BK,6886,2.0
5080,610.0,UNION YES FCU,6729,3.0
5045,610.0,LOANDEPOT.COM,6575,4.0
5086,610.0,WELLS FARGO BK NA,3518,5.0
5054,610.0,MSA MORTGAGE LLC,3436,6.0
5063,610.0,"PROSPECT MORTGAGE, LLC",3232,7.0
5055,610.0,NEEDHAM BK,2701,8.0
5006,610.0,BANK OF AMER NA,2299,9.0
5031,610.0,"FBC MORTGAGE, LLC",1956,10.0
5090,611.01,EAST BOSTON SAVINGS BANK,1000,1.0
5089,611.01,CAMBRIDGE TC,800,2.0
5091,611.01,FARMINGTON BK,600,3.0
5093,611.01,FIRST REPUBLIC BK,561,4.0
5092,611.01,FIRST COMMONS BK NA,480,5.0
5097,611.01,WEBSTER FIVE CENTS SVG BK,338,6.0
5095,611.01,"QUICKEN LOANS, INC.",258,7.0
5096,611.01,RTN FCU,35,8.0
5094,611.01,MASS BAY CU,12,9.0
5248,612.0,WELLS FARGO BK NA,28201,1.0
5236,612.0,UNION YES FCU,24384,2.0
5240,612.0,"WALKER & DUNLOP, LLC",23668,3.0
5161,612.0,GUARANTEED RATE INC.,19387,4.0
5155,612.0,FIRST REPUBLIC BK,18954,5.0
5138,612.0,EAST BOSTON SVG BK,18598,6.0
5169,612.0,JPMORGAN CHASE BK NA,11739,7.0
5105,612.0,BANK OF AMER NA,11022,8.0
5174,612.0,LOANDEPOT.COM,10992,9.0
5153,612.0,FIRST COMMONS BK NA,10457,10.0
5301,701.01,FIRST REPUBLIC BK,116528,1.0
5385,701.01,WELLS FARGO BK NA,97285,2.0
5256,701.01,BANK OF AMER NA,45431,3.0
5347,701.01,PEOPLES UNITED BK,24075,4.0
5290,701.01,EAST BOSTON SVG BK,22900,5.0
5382,701.01,WEBSTER BK NA,22892,6.0
5316,701.01,JPMORGAN CHASE BK NA,21157,7.0
5328,701.01,MORGAN STANLEY PRIV BK NA,20910,8.0
5374,701.01,UNION YES FCU,19418,9.0
5317,701.01,KEYBANK NA,19240,10.0
5409,702.0,JPMORGAN CHASE BK NA,8100,1.0
5404,702.0,FIRST REPUBLIC BK,7979,2.0
5429,702.0,WELLS FARGO BK NA,6173,3.0
5426,702.0,WASHINGTON TR MTG CO LLC,3887,4.0
5392,702.0,BOSTON PRIVATE B&TC,3757,5.0
5423,702.0,UNION YES FCU,3510,6.0
5391,702.0,BERKSHIRE BK,2652,7.0
5428,702.0,WEBSTER BK NA,1590,8.0
5411,702.0,MORGAN STANLEY PRIV BK NA,1432,9.0
5396,702.0,CITIZENS BK NA,1149,10.0
5501,703.0,PNC BK NA,70049,1.0
5471,703.0,FIRST REPUBLIC BK,54857,2.0
5433,703.0,BANK OF AMER NA,40489,3.0
5528,703.0,WELLS FARGO BK NA,24032,4.0
5499,703.0,PEOPLES UNITED BK NA,15255,5.0
5479,703.0,JPMORGAN CHASE BK NA,12834,6.0
5441,703.0,BOSTON PRIVATE B&TC,12730,7.0
5451,703.0,CITIBANK NA,11399,8.0
5527,703.0,WELLESLEY BK,10385,9.0
5474,703.0,GUARANTEED RATE INC.,10099,10.0
5536,704.02,FIRST REPUBLIC BK,13025,1.0
5549,704.02,WELLS FARGO BK NA,12232,2.0
5538,704.02,GUARANTEED RATE INC.,1644,3.0
5531,704.02,BANK OF AMER NA,1254,4.0
5548,704.02,WELLESLEY BK,1207,5.0
5545,704.02,SANTANDER BK NA,1138,6.0
5539,704.02,LOANDEPOT.COM,1072,7.0
5533,704.02,BOSTON PRIVATE B&TC,1000,8.0
5537,704.02,GOLDMAN SACHS BK USA,995,9.0
5532,704.02,BNY MELLON NA,912,10.0
5597,705.0,FIRST REPUBLIC BK,65452,1.0
5667,705.0,WELLS FARGO BK NA,30374,2.0
5605,705.0,JPMORGAN CHASE BK NA,29976,3.0
5554,705.0,BANK OF AMER NA,28137,4.0
5601,705.0,HINGHAM INST FOR SVG,21669,5.0
5600,705.0,GUARANTEED RATE INC.,16606,6.0
5658,705.0,UNION YES FCU,14346,7.0
5608,705.0,LOANDEPOT.COM,13993,8.0
5633,705.0,PEOPLES UNITED BK,13767,9.0
5562,705.0,BOSTON PRIVATE B&TC,13582,10.0
5695,706.0,FIRST REPUBLIC BK,52571,1.0
5668,706.0,BANK OF AMER NA,20493,2.0
5705,706.0,JPMORGAN CHASE BK NA,17031,3.0
5749,706.0,WELLS FARGO BK NA,12617,4.0
5702,706.0,HINGHAM INST FOR SVG,12295,5.0
5676,706.0,BOSTON PRIVATE B&TC,12190,6.0
5741,706.0,UNION YES FCU,9247,7.0
5683,706.0,CITIBANK NA,6162,8.0
5700,706.0,GUARANTEED RATE INC.,6034,9.0
5706,706.0,LOANDEPOT.COM,5804,10.0
5773,707.0,FIRST REPUBLIC BK,21641,1.0
5816,707.0,WELLS FARGO BK NA,14819,2.0
5778,707.0,JPMORGAN CHASE BK NA,10396,3.0
5751,707.0,BANK OF AMER NA,7959,4.0
5785,707.0,MORGAN STANLEY PRIV BK NA,6950,5.0
5793,707.0,PEOPLES UNITED BK,5774,6.0
5809,707.0,UNION YES FCU,5756,7.0
5757,707.0,BOSTON PRIVATE B&TC,5379,8.0
5763,707.0,CITIBANK NA,5341,9.0
5774,707.0,GUARANTEED RATE INC.,5030,10.0
5855,708.0,FIRST REPUBLIC BK,31825,1.0
5862,708.0,JPMORGAN CHASE BK NA,17824,2.0
5822,708.0,BANK OF AMER NA,14022,3.0
5907,708.0,UNION YES FCU,12857,4.0
5858,708.0,HINGHAM INST FOR SVG,11208,5.0
5843,708.0,DEDHAM INST FOR SVG,9986,6.0
5856,708.0,GUARANTEED RATE INC.,9564,7.0
5913,708.0,WEBSTER BK NA,8466,8.0
5916,708.0,WELLS FARGO BK NA,7972,9.0
5827,708.0,BLUE HILLS BK,6909,10.0
6010,709.0,"WALKER & DUNLOP, LLC",21372,1.0
5954,709.0,FIRST REPUBLIC BK,17697,2.0
6019,709.0,WELLS FARGO BK NA,12696,3.0
5955,709.0,GUARANTEED RATE INC.,10677,4.0
5922,709.0,BANK OF AMER NA,10644,5.0
5962,709.0,JPMORGAN CHASE BK NA,10327,6.0
5957,709.0,HINGHAM INST FOR SVG,10315,7.0
5965,709.0,LOANDEPOT.COM,7425,8.0
5936,709.0,CITIBANK NA,5274,9.0
5983,709.0,PEOPLES UNITED BK NA,4084,10.0
6057,711.01,FIRST REPUBLIC BK,14238,1.0
6061,711.01,GUARANTEED RATE INC.,13255,2.0
6113,711.01,WELLS FARGO BK NA,11811,3.0
6065,711.01,JPMORGAN CHASE BK NA,9446,4.0
6068,711.01,LOANDEPOT.COM,7053,5.0
6105,711.01,UNION YES FCU,6733,6.0
6033,711.01,BOSTON PRIVATE B&TC,5947,7.0
6030,711.01,BERKSHIRE BK,5189,8.0
6042,711.01,CITIZENS BK NA,4810,9.0
6041,711.01,CITIBANK NA,4596,10.0
6142,712.01,FIRST REPUBLIC BK,15652,1.0
6145,712.01,GUARANTEED RATE INC.,10990,2.0
6177,712.01,WELLS FARGO BK NA,9044,3.0
6119,712.01,BANK OF AMER NA,7653,4.0
6152,712.01,LOANDEPOT.COM,7183,5.0
6150,712.01,JPMORGAN CHASE BK NA,5101,6.0
6171,712.01,UNION YES FCU,4622,7.0
6125,712.01,BOSTON PRIVATE B&TC,4465,8.0
6162,712.01,"QUICKEN LOANS, INC.",3526,9.0
6160,712.01,PEOPLES UNITED BK NA,3159,10.0
6212,801.0,UNION YES FCU,7476,1.0
6196,801.0,GUARANTEED RATE INC.,1466,2.0
6189,801.0,EAST BOSTON SVG BK,1241,3.0
6180,801.0,BANK OF AMER NA,1169,4.0
6187,801.0,COMMERCE B&TC,1025,5.0
6206,801.0,PEOPLES UNITED BK NA,981,6.0
6191,801.0,EVERETT CO-OP BK,781,7.0
6194,801.0,FIRST FSB OF BOSTON,656,8.0
6205,801.0,NEW PENN FINANCIAL LLC,641,9.0
6210,801.0,"SALEM FIVE MORTGAGE CO., LLC",638,10.0
6223,803.0,EAST BOSTON SAVINGS BANK,2400,1.0
6232,803.0,HINGHAM INST FOR SVG,1470,2.0
6230,803.0,GUARANTEED RATE INC.,1369,3.0
6241,803.0,"QUICKEN LOANS, INC.",1177,4.0
6217,803.0,BANK OF ENGLAND,1132,5.0
6228,803.0,FIRST COMMONS BK NA,1028,6.0
6222,803.0,COMMONWEALTH CO-OP BK,600,7.0
6240,803.0,"PROSPECT MORTGAGE, LLC",560,8.0
6220,803.0,CITIZENS BK NA,524,9.0
6218,803.0,BELMONT SVG BK,450,10.0
6266,804.01,NEEDHAM BK,10188,1.0
6251,804.01,CAMBRIDGE SVG BK,7625,2.0
6255,804.01,DIGITAL FCU,2579,3.0
6259,804.01,GUARANTEED RATE INC.,1144,4.0
6256,804.01,FAIRWAY INDP MORTGAGE CORP,1019,5.0
6247,804.01,BEVERLY BK,1000,6.5
6268,804.01,PEOPLES UNITED BK,1000,6.5
6252,804.01,CITIBANK NA,897,8.0
6248,804.01,BLUE HILLS BK,892,9.0
6271,804.01,"QUICKEN LOANS, INC.",734,10.0
6284,805.0,CITIBANK NA,40000,1.0
6302,805.0,UNION YES FCU,9003,2.0
6301,805.0,TREMONT CU,2312,3.0
6298,805.0,PRIMELENDING A PLAINSCAPITAL C,1935,4.0
6294,805.0,NEEDHAM BK,1714,5.0
6290,805.0,LOANDEPOT.COM,1533,6.0
6280,805.0,ABINGTON BK,1216,7.0
6293,805.0,MORTGAGE EQUITY PARTNERS,1000,8.0
6286,805.0,FAIRWAY INDP MORTGAGE CORP,810,9.5
6288,805.0,GUARANTEED RATE INC.,810,9.5
6324,806.01,NEEDHAM BK,6950,1.0
6314,806.01,EAST BOSTON SVG BK,4150,2.0
6306,806.01,BOSTON PRIVATE B&TC,3840,3.0
6325,806.01,PILGRIM BK,2600,4.0
6307,806.01,CAMBRIDGE SVG BK,2120,5.0
6313,806.01,DEDHAM INST FOR SVG,1619,6.0
6320,806.01,"MEMBERS MORTGAGE COMPANY, INC.",1371,7.0
6330,806.01,UNION YES FCU,1259,8.0
6308,806.01,CAMBRIDGE TC,975,9.0
6329,806.01,SANTANDER BK NA,923,10.0
6333,808.01,EAST BOSTON SAVINGS BANK,6500,1.0
6334,808.01,FIRST REPUBLIC BK,2538,2.0
6332,808.01,DITECH FINANCIAL LLC,132,3.0
6348,809.0,EAST BOSTON SVG BK,21208,1.0
6340,809.0,CAMBRIDGE SVG BK,9280,2.0
6378,809.0,WALPOLE CO-OP BK,7112,3.0
6361,809.0,MANSFIELD CO-OP BK,6473,4.0
6350,809.0,EASTERN BK,5528,5.0
6359,809.0,JPMORGAN CHASE BK NA,5106,6.0
6349,809.0,EAST CAMBRIDGE SVG BK,4481,7.0
6377,809.0,"WALKER & DUNLOP, LLC",3973,8.0
6357,809.0,HINGHAM INST FOR SVG,3725,9.0
6354,809.0,FIRST REPUBLIC BK,3531,10.0
6401,810.01,FIRST REPUBLIC BK,15768,1.0
6430,810.01,WEBSTER BK NA,5643,2.0
6412,810.01,NEEDHAM BK,5439,3.0
6407,810.01,JEANNE D'ARC CU,5059,4.0
6385,810.01,BANK OF CANTON,4285,5.0
6396,810.01,EAST BOSTON SVG BK,3545,6.0
6432,810.01,WINTER HILL BK,3372,7.0
6395,810.01,EAST BOSTON SAVINGS BANK,3200,8.0
6384,810.01,BANK OF AMER NA,3161,9.0
6387,810.01,BLUE HILLS BK,3073,10.0
6469,811.0,MANUFACTURERS & TRADERS TC,62000,1.0
6501,811.0,WALPOLE CO-OP BK,8104,2.0
6466,811.0,JPMORGAN CHASE BK NA,7929,3.0
6443,811.0,CAMBRIDGE SVG BK,6750,4.0
6439,811.0,BLUE HILLS BK,4462,5.0
6489,811.0,PEOPLES UNITED BK,4432,6.0
6481,811.0,NEEDHAM BK,4078,7.0
6458,811.0,FIRST REPUBLIC BK,4073,8.0
6450,811.0,DIGITAL FCU,3575,9.0
6453,811.0,EAST BOSTON SVG BK,3530,10.0
6521,812.0,GUARANTEED RATE INC.,2054,1.0
6543,812.0,UNION YES FCU,1791,2.0
6526,812.0,LOANDEPOT.COM,1740,3.0
6508,812.0,BANK OF AMER NA,1529,4.0
6515,812.0,EAST BOSTON SVG BK,1419,5.0
6519,812.0,FIRST REPUBLIC BK,1238,6.0
6546,812.0,WALPOLE CO-OP BK,1160,7.0
6511,812.0,BOSTON PRIVATE B&TC,1120,8.0
6516,812.0,EASTERN BK,1073,9.0
6535,812.0,PACIFIC UNION FINANCIAL LLC,945,10.0
6559,813.0,CUSTOMERS BK,15850,1.0
6567,813.0,FIRST REPUBLIC BK,6705,2.0
6552,813.0,BOSTON PRIVATE B&TC,4480,3.0
6562,813.0,EAST CAMBRIDGE SVG BK,4411,4.0
6557,813.0,CLINTON SVG BK,3450,5.0
6599,813.0,WEBSTER FIVE CENTS SVG BK,2680,6.0
6596,813.0,UNION YES FCU,2557,7.0
6558,813.0,COOPERATIVE BK,2324,8.0
6561,813.0,DIGITAL FCU,1586,9.0
6560,813.0,DEDHAM INST FOR SVG,1577,10.0
6635,814.0,FIRST REPUBLIC BK,8142,1.0
6612,814.0,BOSTON PRIVATE B&TC,7739,2.0
6627,814.0,EAST BOSTON SVG BK,6967,3.0
6686,814.0,UNION YES FCU,6091,4.0
6638,814.0,GUARANTEED RATE INC.,3646,5.0
6610,814.0,BEVERLY CO-OP BK,3527,6.0
6646,814.0,LOANDEPOT.COM,3146,7.0
6625,814.0,DIGITAL FCU,2950,8.0
6672,814.0,"QUICKEN LOANS, INC.",2803,9.0
6628,814.0,EASTERN BK,2751,10.0
6724,815.0,GUARANTEED RATE INC.,4089,1.0
6748,815.0,"QUICKEN LOANS, INC.",3415,2.0
6715,815.0,EAST BOSTON SVG BK,3139,3.0
6713,815.0,DIGITAL FCU,3000,4.0
6756,815.0,UNION YES FCU,2486,5.0
6712,815.0,DEDHAM INST FOR SVG,2475,6.0
6730,815.0,LOANDEPOT.COM,2137,7.0
6747,815.0,"PROSPECT MORTGAGE, LLC",1864,8.0
6719,815.0,FAIRWAY INDP MORTGAGE CORP,1652,9.0
6716,815.0,EAST CAMBRIDGE SVG BK,1583,10.0
6783,817.0,HINGHAM INST FOR SVG,2873,1.0
6816,817.0,UNION YES FCU,1638,2.0
6810,817.0,SANTANDER BK NA,1578,3.0
6772,817.0,CITY OF BOSTON CU,1357,4.0
6763,817.0,BANK OF AMER NA,1324,5.0
6765,817.0,BOSTON PRIVATE B&TC,1218,6.0
6774,817.0,DIGITAL FCU,1074,7.0
6794,817.0,METRO CU,1008,8.0
6802,817.0,NORWOOD CO-OP BK,930,9.0
6819,817.0,WELLS FARGO BK NA,885,10.0
6837,818.0,DIGITAL FCU,4622,1.0
6841,818.0,EASTERN BK,3085,2.0
6848,818.0,GUARANTEED RATE INC.,3047,3.0
6875,818.0,SANTANDER BK NA,2068,4.0
6865,818.0,ONEUNITED BK,1970,5.0
6870,818.0,"QUICKEN LOANS, INC.",1690,6.0
6877,818.0,UNION YES FCU,1581,7.0
6839,818.0,EAST BOSTON SVG BK,1393,8.0
6831,818.0,CITIBANK NA,1283,9.0
6852,818.0,LOANDEPOT.COM,1198,10.0
6919,819.0,SANTANDER BK NA,3774,1.0
6897,819.0,FIRST COMMONS BK NA,3157,2.0
6904,819.0,JPMORGAN CHASE BK NA,2982,3.0
6902,819.0,HINGHAM INST FOR SVG,2935,4.0
6901,819.0,GUARANTEED RATE INC.,2460,5.0
6907,819.0,MIDDLESEX FED SVG FA,1333,6.0
6916,819.0,RESIDENTIAL MORTGAGE SERVICES,1328,7.0
6915,819.0,"QUICKEN LOANS, INC.",1285,8.0
6914,819.0,"PROSPECT MORTGAGE, LLC",1176,9.0
6918,819.0,ROCKLAND TC,1007,10.0
6967,820.0,PNC BK NA,41535,1.0
6933,820.0,BROOKLINE BK,9100,2.0
6969,820.0,"QUICKEN LOANS, INC.",2354,3.0
6941,820.0,EASTERN BK,2106,4.0
6949,820.0,GUARANTEED RATE INC.,1702,5.0
6952,820.0,HINGHAM INST FOR SVG,1700,6.0
6965,820.0,PACIFIC UNION FINANCIAL LLC,1361,7.0
6947,820.0,FIRST REPUBLIC BK,1045,8.0
6963,820.0,NORTHEAST CMNTY BK,1001,9.0
6970,820.0,RADIUS FINANCIAL GROUP INC.,981,10.0
7003,821.0,M&T RLTY CAP CORP,2824,1.0
7001,821.0,JPMORGAN CHASE BK NA,2200,2.0
7021,821.0,UNION YES FCU,1658,3.0
6990,821.0,COOPERATIVE BK,1575,4.0
7008,821.0,NORTHEAST CMNTY BK,1400,5.0
7013,821.0,"QUICKEN LOANS, INC.",1377,6.0
7016,821.0,RTN FCU,1200,7.0
6999,821.0,GUARANTEED RATE INC.,1132,8.0
7023,821.0,WELLS FARGO BK NA,1027,9.0
7014,821.0,RADIUS BK,975,10.0
7069,901.0,"PLAZA HOME MORTGAGE, INC.",2553,1.0
7055,901.0,LOANDEPOT.COM,2431,2.0
7079,901.0,SANTANDER BK NA,2278,3.0
7045,901.0,FIRST REPUBLIC BK,2058,4.0
7026,901.0,BANK OF AMER NA,1815,5.0
7033,901.0,CITIBANK NA,1638,6.0
7025,901.0,AVIDIA BK,1500,7.0
7086,901.0,WELLS FARGO BK NA,1376,8.0
7071,901.0,"PROSPECT MORTGAGE, LLC",1303,9.0
7044,901.0,FIRST COMMONS BK NA,1250,10.0
7096,902.0,EASTERN BK,1971,1.0
7099,902.0,GUARANTEED RATE INC.,1090,2.0
7092,902.0,CITIBANK NA,882,3.0
7101,902.0,LOANDEPOT.COM,833,4.0
7089,902.0,BANK OF CANTON,828,5.0
7120,902.0,UNITED SHORE FINANCIAL SERVICE,820,6.0
7113,902.0,RADIUS FINANCIAL GROUP INC.,620,7.0
7114,902.0,RESIDENTIAL MORTGAGE SERVICES,606,8.0
7087,902.0,"1ST ALLIANCE LENDING, LLC",570,9.0
7118,902.0,U S BK NA,565,10.0
7135,903.0,EASTERN BK,1761,1.0
7165,903.0,UNION YES FCU,1734,2.0
7137,903.0,FIRST COMMONS BK NA,1616,3.0
7163,903.0,SANTANDER BK NA,1371,4.0
7130,903.0,BOSTON PRIVATE B&TC,1215,5.0
7140,903.0,FLAGSTAR BK FSB,1173,6.0
7144,903.0,GUARANTEED RATE INC.,804,7.0
7146,903.0,JPMORGAN CHASE BK NA,782,8.0
7142,903.0,GMH MORTGAGE SERVICES LLC,752,9.0
7159,903.0,"QUICKEN LOANS, INC.",655,10.0
7218,904.0,UNION YES FCU,2637,1.0
7204,904.0,NEEDHAM BK,1392,2.0
7216,904.0,SANTANDER BK NA,1390,3.0
7213,904.0,ROCKLAND TC,1126,4.0
7192,904.0,GUARANTEED RATE INC.,887,5.0
7208,904.0,"PROSPECT MORTGAGE, LLC",884,6.0
7222,904.0,WELLS FARGO BK NA,866,7.0
7177,904.0,CITIZENS BK NA,863,8.0
7184,904.0,EASTERN BK,856,9.0
7189,904.0,FIRST REPUBLIC BK,834,10.0
7249,906.0,NORWOOD CO-OP BK,1448,1.0
7247,906.0,METRO CU,1261,2.0
7231,906.0,ENTERPRISE B&TC,1250,3.0
7258,906.0,WELLESLEY BK,975,4.0
7229,906.0,EAST BOSTON SVG BK,886,5.0
7256,906.0,UNION YES FCU,797,6.0
7224,906.0,BOSTON PRIVATE B&TC,789,7.0
7248,906.0,NEEDHAM BK,785,8.0
7225,906.0,CITIZENS BK NA,756,9.0
7255,906.0,SANTANDER BK NA,739,10.0
7314,907.0,MOUNTAINONE BK,16135,1.0
7295,907.0,GUARANTEED RATE INC.,15098,2.0
7277,907.0,DEDHAM INST FOR SVG,8785,3.0
7304,907.0,LOANDEPOT.COM,7285,4.0
7356,907.0,UNION YES FCU,6486,5.0
7287,907.0,FAIRWAY INDP MORTGAGE CORP,5988,6.0
7267,907.0,BROOKLINE BK,5953,7.0
7276,907.0,COOPERATIVE BK,5938,8.0
7319,907.0,NEEDHAM BK,3827,9.0
7363,907.0,WELLS FARGO BK NA,3796,10.0
7366,909.01,KEYBANK NA,99999,1.0
7406,910.01,GUARANTEED RATE INC.,6456,1.0
7400,910.01,FAIRWAY INDP MORTGAGE CORP,5238,2.0
7460,910.01,WELLS FARGO BK NA,4036,3.0
7412,910.01,LOANDEPOT.COM,3760,4.0
7414,910.01,MEETINGHOUSE BK,3276,5.0
7436,910.01,"QUICKEN LOANS, INC.",3142,6.0
7446,910.01,SANTANDER BK NA,3132,7.0
7408,910.01,HINGHAM INST FOR SVG,2700,8.0
7375,910.01,BLUE HILLS BK,2397,9.0
7419,910.01,"MORTGAGE NETWORK, INC",2396,10.0
7510,911.0,GUARANTEED RATE INC.,11930,1.0
7536,911.0,MOUNTAINONE BK,6959,2.0
7560,911.0,"QUICKEN LOANS, INC.",6632,3.0
7502,911.0,FAIRWAY INDP MORTGAGE CORP,5903,4.0
7520,911.0,LOANDEPOT.COM,5565,5.0
7575,911.0,UNION YES FCU,4255,6.0
7469,911.0,BANK OF CANTON,4130,7.0
7559,911.0,"PROSPECT MORTGAGE, LLC",3847,8.0
7568,911.0,SANTANDER BK NA,3504,9.0
7537,911.0,MSA MORTGAGE LLC,3128,10.0
7612,912.0,EASTERN BK,20446,1.0
7620,912.0,GUARANTEED RATE INC.,6727,2.0
7637,912.0,MOUNTAINONE BK,4568,3.0
7613,912.0,FAIRWAY INDP MORTGAGE CORP,3686,4.0
7627,912.0,LOANDEPOT.COM,3284,5.0
7653,912.0,"QUICKEN LOANS, INC.",3277,6.0
7635,912.0,"MORTGAGE NETWORK, INC",3249,7.0
7655,912.0,RESIDENTIAL MORTGAGE SERVICES,3211,8.0
7611,912.0,EAST CAMBRIDGE SVG BK,2950,9.0
7659,912.0,UNION YES FCU,2949,10.0
7683,913.0,EASTERN BK,17000,1.0
7672,913.0,BEVERLY CO-OP BK,2197,2.0
7693,913.0,LOANDEPOT.COM,1805,3.0
7707,913.0,RESIDENTIAL MORTGAGE SERVICES,1207,4.0
7686,913.0,"FBC MORTGAGE, LLC",1173,5.0
7666,913.0,AMERICAN NEIGHBORHOOD MORTGAGE,1041,6.0
7680,913.0,DIGITAL FCU,992,7.0
7673,913.0,BLUE HILLS BK,946,8.0
7668,913.0,BANK OF AMER NA,673,9.0
7711,913.0,SANTANDER BK NA,666,10.0
7741,914.0,METRO CU,2144,1.0
7757,914.0,ROCKLAND TC,1861,2.0
7763,914.0,UNION YES FCU,1710,3.0
7731,914.0,FIRST REPUBLIC BK,1364,4.0
7754,914.0,"QUICKEN LOANS, INC.",1179,5.0
7737,914.0,LOANDEPOT.COM,1125,6.0
7760,914.0,SANTANDER BK NA,1033,7.0
7719,914.0,BANK OF AMER NA,883,8.0
7728,914.0,EASTERN BK,723,9.0
7729,914.0,FIRST COMMONS BK NA,720,10.0
7796,915.0,GUARANTEED RATE INC.,7383,1.0
7774,915.0,CAMBRIDGE SVG BK,6457,2.0
7804,915.0,LOANDEPOT.COM,3853,3.0
7787,915.0,FAIRWAY INDP MORTGAGE CORP,3425,4.0
7842,915.0,UNION YES FCU,3068,5.0
7846,915.0,WELLS FARGO BK NA,2415,6.0
7827,915.0,"PROSPECT MORTGAGE, LLC",2265,7.0
7828,915.0,"QUICKEN LOANS, INC.",2242,8.0
7803,915.0,JPMORGAN CHASE BK NA,1767,9.0
7785,915.0,EASTERN BK,1756,10.0
7908,916.0,SANTANDER BK NA,4377,1.0
7871,916.0,GUARANTEED RATE INC.,2707,2.0
7878,916.0,MANSFIELD CO-OP BK,2582,3.0
7902,916.0,RESIDENTIAL MORTGAGE SERVICES,2150,4.0
7879,916.0,MEETINGHOUSE BK,1920,5.0
7864,916.0,"FBC MORTGAGE, LLC",1829,6.0
7860,916.0,EAST BOSTON SVG BK,1732,7.0
7866,916.0,FIRST COMMONS BK NA,1710,8.0
7877,916.0,LOANDEPOT.COM,1611,9.0
7863,916.0,FAIRWAY INDP MORTGAGE CORP,1505,10.0
7954,917.0,SANTANDER BK NA,2955,1.0
7940,917.0,LOANDEPOT.COM,2492,2.0
7931,917.0,FAIRWAY INDP MORTGAGE CORP,1915,3.0
7956,917.0,UNION YES FCU,1744,4.0
7949,917.0,"PROSPECT MORTGAGE, LLC",1476,5.0
7917,917.0,BANK OF AMER NA,1449,6.0
7950,917.0,"QUICKEN LOANS, INC.",1446,7.0
7937,917.0,GUARANTEED RATE INC.,1403,8.0
7952,917.0,RESIDENTIAL MORTGAGE SERVICES,1291,9.0
7960,917.0,WELLS FARGO BK NA,991,10.0
8001,918.0,NEEDHAM BK,2295,1.0
8017,918.0,SANTANDER BK NA,2266,2.0
7987,918.0,GUARANTEED RATE INC.,2125,3.0
7983,918.0,FREEDOM MORTGAGE CORPORATION,1963,4.0
8013,918.0,"QUICKEN LOANS, INC.",1582,5.0
8015,918.0,ROCKLAND TC,1425,6.0
7972,918.0,DEDHAM INST FOR SVG,1350,7.0
8014,918.0,RESIDENTIAL MORTGAGE SERVICES,1205,8.0
8005,918.0,NORCOM MORTGAGE,1124,9.0
8020,918.0,UNITED SHORE FINANCIAL SERVICE,1015,10.0
8050,919.0,INSTITUTION SVG IN NEWBURYPORT,4327,1.0
8037,919.0,EASTERN BK,2083,2.0
8041,919.0,FIRST COMMONS BK NA,1681,3.0
8079,919.0,SANTANDER BK NA,1331,4.0
8047,919.0,GUARANTEED RATE INC.,1197,5.0
8060,919.0,"MORTGAGE RESEARCH CENTER, LLC",1180,6.0
8027,919.0,"CALIBER HOME LOANS, INC.",958,7.0
8071,919.0,"PROSPECT MORTGAGE, LLC",854,8.0
8063,919.0,NEW FED MORTGAGE CORP,849,9.0
8046,919.0,GMH MORTGAGE SERVICES LLC,835,10.0
8151,920.0,"QUICKEN LOANS, INC.",3412,1.0
8159,920.0,SANTANDER BK NA,2979,2.0
8113,920.0,FIRST COMMONS BK NA,2865,3.0
8154,920.0,RESIDENTIAL MORTGAGE SERVICES,2006,4.0
8104,920.0,EAST BOSTON SVG BK,1880,5.0
8167,920.0,WELLS FARGO BK NA,1816,6.0
8094,920.0,CITIBANK NA,1793,7.0
8131,920.0,MEETINGHOUSE BK,1713,8.0
8150,920.0,"PROSPECT MORTGAGE, LLC",1654,9.0
8095,920.0,CITIZENS BK NA,1591,10.0
8223,921.01,GUARANTEED RATE INC.,10384,1.0
8230,921.01,LOANDEPOT.COM,5873,2.0
8274,921.01,SANTANDER BK NA,5641,3.0
8268,921.01,RESIDENTIAL MORTGAGE SERVICES,5372,4.0
8210,921.01,FAIRWAY INDP MORTGAGE CORP,5208,5.0
8233,921.01,MEETINGHOUSE BK,4830,6.0
8264,921.01,"QUICKEN LOANS, INC.",4662,7.0
8225,921.01,HINGHAM INST FOR SVG,4100,8.0
8262,921.01,"PROSPECT MORTGAGE, LLC",3737,9.0
8173,921.01,BANK OF AMER NA,3591,10.0
8323,922.0,GUARANTEED RATE INC.,6526,1.0
8348,922.0,"QUICKEN LOANS, INC.",3823,2.0
8364,922.0,UNION YES FCU,2878,3.0
8315,922.0,FAIRWAY INDP MORTGAGE CORP,2293,4.0
8292,922.0,BARRINGTON B&TC NA,2038,5.0
8330,922.0,MEETINGHOUSE BK,2011,6.0
8347,922.0,"PROSPECT MORTGAGE, LLC",1882,7.0
8351,922.0,RESIDENTIAL MORTGAGE SERVICES,1683,8.0
8357,922.0,SANTANDER BK NA,1652,9.0
8336,922.0,MSA MORTGAGE LLC,1613,10.0
8417,923.0,SANTANDER BK NA,3234,1.0
8415,923.0,RESIDENTIAL MORTGAGE SERVICES,1935,2.0
8372,923.0,BANK OF CANTON,1260,3.0
8371,923.0,BANK OF AMER NA,1192,4.0
8420,923.0,UNION YES FCU,1125,5.0
8384,923.0,FAIRWAY INDP MORTGAGE CORP,1084,6.0
8413,923.0,"QUICKEN LOANS, INC.",1028,7.0
8392,923.0,HINGHAM INST FOR SVG,1000,8.0
8402,923.0,MID-ISLAND MORTGAGE CORP.,960,9.0
8373,923.0,BLUE HILLS BK,946,10.0
8484,924.0,"WALKER & DUNLOP, LLC",5393,1.0
8463,924.0,NEEDHAM BK,3592,2.0
8485,924.0,WEBSTER BK NA,2546,3.0
8479,924.0,SANTANDER BK NA,1774,4.0
8428,924.0,CITIZENS BK NA,1534,5.0
8454,924.0,JPMORGAN CHASE BK NA,1500,6.0
8451,924.0,HINGHAM INST FOR SVG,1440,7.0
8438,924.0,FAIRWAY INDP MORTGAGE CORP,1417,8.0
8427,924.0,CITIBANK NA,1328,9.0
8471,924.0,"PLAZA HOME MORTGAGE, INC.",1288,10.0
8529,1001.0,"PLAZA HOME MORTGAGE, INC.",2562,1.0
8540,1001.0,SANTANDER BK NA,2242,2.0
8535,1001.0,"QUICKEN LOANS, INC.",2035,3.0
8533,1001.0,"PROSPECT MORTGAGE, LLC",1966,4.0
8489,1001.0,BANK OF AMER NA,1879,5.0
8545,1001.0,WELLS FARGO BK NA,1803,6.0
8496,1001.0,CITIZENS BK NA,1784,7.0
8490,1001.0,BLUE HILLS BK,1744,8.0
8495,1001.0,CITIBANK NA,1619,9.0
8542,1001.0,UNION YES FCU,1561,10.0
8579,1002.0,"QUICKEN LOANS, INC.",1670,1.0
8584,1002.0,SOUTH SHORE BK,1650,2.0
8583,1002.0,SANTANDER BK NA,1410,3.0
8588,1002.0,WELLS FARGO BK NA,1298,4.0
8578,1002.0,"PROSPECT MORTGAGE, LLC",1198,5.0
8560,1002.0,FIRST HOME MORTGAGE CORPORATIO,1029,6.0
8574,1002.0,NORTHEAST CMNTY BK,998,7.0
8557,1002.0,EASTERN BK,927,8.0
8569,1002.0,MID-ISLAND MORTGAGE CORP.,882,9.0
8566,1002.0,LOANDEPOT.COM,706,10.0
8650,1003.0,"QUICKEN LOANS, INC.",3035,1.0
8636,1003.0,NEEDHAM BK,2426,2.0
8649,1003.0,"PROSPECT MORTGAGE, LLC",2233,3.0
8658,1003.0,SANTANDER BK NA,1487,4.0
8652,1003.0,RESIDENTIAL MORTGAGE SERVICES,1456,5.0
8597,1003.0,CITIBANK NA,1314,6.0
8608,1003.0,EASTERN BK,1304,7.0
8663,1003.0,WELLS FARGO BK NA,1212,8.0
8639,1003.0,NORWOOD CO-OP BK,1100,9.0
8641,1003.0,PACIFIC UNION FINANCIAL LLC,1056,10.0
8708,1004.0,JPMORGAN CHASE BK NA,5931,1.0
8721,1004.0,NEEDHAM BK,4772,2.0
8694,1004.0,FAIRWAY INDP MORTGAGE CORP,4401,3.0
8733,1004.0,"QUICKEN LOANS, INC.",3924,4.0
8739,1004.0,SANTANDER BK NA,3786,5.0
8734,1004.0,RADIUS FINANCIAL GROUP INC.,2445,6.0
8741,1004.0,UNION YES FCU,2349,7.0
8746,1004.0,WELLS FARGO BK NA,2328,8.0
8665,1004.0,BANK OF AMER NA,2069,9.0
8703,1004.0,GUARANTEED RATE INC.,2022,10.0
8755,1005.0,BOSTON PRIVATE B&TC,9440,1.0
8823,1005.0,ROCKLAND TC,7718,2.0
8796,1005.0,LOANDEPOT.COM,5901,3.0
8771,1005.0,EAST BOSTON SAVINGS BANK,5039,4.0
8774,1005.0,EASTERN BK,4675,5.0
8819,1005.0,"QUICKEN LOANS, INC.",4620,6.0
8788,1005.0,GUARANTEED RATE INC.,4494,7.0
8821,1005.0,RESIDENTIAL MORTGAGE SERVICES,4465,8.0
8842,1005.0,WELLS FARGO BK NA,4145,9.0
8839,1005.0,"WALKER & DUNLOP, LLC",4086,10.0
8900,1006.01,GUARANTEED RATE INC.,11581,1.0
8909,1006.01,LOANDEPOT.COM,7428,2.0
8885,1006.01,FAIRWAY INDP MORTGAGE CORP,5635,3.0
8952,1006.01,SANTANDER BK NA,4037,4.0
8946,1006.01,RESIDENTIAL MORTGAGE SERVICES,3987,5.0
8942,1006.01,"QUICKEN LOANS, INC.",3383,6.0
8962,1006.01,UNION YES FCU,2889,7.0
8969,1006.01,WELLS FARGO BK NA,2849,8.0
8881,1006.01,EASTERN BK,2797,9.0
8911,1006.01,MEETINGHOUSE BK,2793,10.0
9012,1006.03,GUARANTEED RATE INC.,9649,1.0
9062,1006.03,UNION YES FCU,5145,2.0
8974,1006.03,BANK OF CANTON,4010,3.0
8976,1006.03,BELMONT SVG BK,3858,4.0
9051,1006.03,RESIDENTIAL MORTGAGE SERVICES,3643,5.0
9017,1006.03,LOANDEPOT.COM,3566,6.0
9000,1006.03,FAIRWAY INDP MORTGAGE CORP,3509,7.0
8980,1006.03,BOSTON FRFTRS CU,3254,8.0
9056,1006.03,SANTANDER BK NA,2652,9.0
9018,1006.03,MANSFIELD CO-OP BK,2325,10.0
9078,1007.0,BOSTON FRFTRS CU,11382,1.0
9127,1007.0,MEETINGHOUSE BK,8953,2.0
9140,1007.0,NEEDHAM BK,8775,3.0
9118,1007.0,GUARANTEED RATE INC.,8669,4.0
9107,1007.0,FAIRWAY INDP MORTGAGE CORP,7352,5.0
9160,1007.0,"QUICKEN LOANS, INC.",6593,6.0
9089,1007.0,CITY OF BOSTON CU,4619,7.0
9124,1007.0,LOANDEPOT.COM,4032,8.0
9177,1007.0,UNION YES FCU,3929,9.0
9129,1007.0,MEMBERS PLUS CU,3573,10.0
9249,1008.0,MEETINGHOUSE BK,12377,1.0
9283,1008.0,"QUICKEN LOANS, INC.",10850,2.0
9236,1008.0,GUARANTEED RATE INC.,10701,3.0
9303,1008.0,UNION YES FCU,10474,4.0
9225,1008.0,FAIRWAY INDP MORTGAGE CORP,7036,5.0
9246,1008.0,LOANDEPOT.COM,5304,6.0
9196,1008.0,BOSTON FRFTRS CU,4147,7.0
9244,1008.0,JPMORGAN CHASE BK NA,4119,8.0
9294,1008.0,SANTANDER BK NA,3701,9.0
9282,1008.0,"PROSPECT MORTGAGE, LLC",3088,10.0
9362,1009.0,GUARANTEED RATE INC.,16052,1.0
9322,1009.0,BOSTON PRIVATE B&TC,14922,2.0
9401,1009.0,"QUICKEN LOANS, INC.",5837,3.0
9409,1009.0,SANTANDER BK NA,5167,4.0
9422,1009.0,WELLS FARGO BK NA,3537,5.0
9372,1009.0,LOANDEPOT.COM,3195,6.0
9373,1009.0,MEETINGHOUSE BK,2930,7.0
9403,1009.0,RESIDENTIAL MORTGAGE SERVICES,2418,8.0
9408,1009.0,"SALEM FIVE MORTGAGE CO., LLC",2199,9.0
9314,1009.0,BANK OF AMER NA,2179,10.0
9449,1010.01,EAST CAMBRIDGE SVG BK,4200,1.0
9500,1010.01,"QUICKEN LOANS, INC.",4063,2.0
9471,1010.01,JPMORGAN CHASE BK NA,3632,3.0
9499,1010.01,"PROSPECT MORTGAGE, LLC",2692,4.0
9507,1010.01,SANTANDER BK NA,2150,5.0
9436,1010.01,CITIBANK NA,2139,6.0
9442,1010.01,COOPERATIVE BK,2000,7.0
9485,1010.01,NEEDHAM BK,1862,8.0
9463,1010.01,GUARANTEED RATE INC.,1660,9.0
9432,1010.01,BLUE HILLS BK,1639,10.0
9573,1010.02,PILGRIM BK,2530,1.0
9552,1010.02,GUARANTEED RATE INC.,2164,2.0
9589,1010.02,WELLS FARGO BK NA,1847,3.0
9541,1010.02,FAIRWAY INDP MORTGAGE CORP,1813,4.0
9523,1010.02,BLUE HILLS BK,1764,5.0
9584,1010.02,SANTANDER BK NA,1659,6.0
9578,1010.02,"QUICKEN LOANS, INC.",1652,7.0
9527,1010.02,CITIBANK NA,1570,8.0
9535,1010.02,DEDHAM INST FOR SVG,1525,9.0
9528,1010.02,CITIZENS BK NA,1509,10.0
9646,1011.01,STONEHAMBK,10000,1.0
9627,1011.01,NEEDHAM BK,3264,2.0
9615,1011.01,FIRST REPUBLIC BK,2256,3.0
9642,1011.01,ROCKLAND TC,2070,4.0
9596,1011.01,CITIBANK NA,1893,5.0
9611,1011.01,FAIRWAY INDP MORTGAGE CORP,1823,6.0
9597,1011.01,CITIZENS BK NA,1676,7.0
9607,1011.01,EASTERN BK,1662,8.0
9602,1011.01,DEDHAM INST FOR SVG,1473,9.0
9636,1011.01,PRIMARY RESIDENTIAL MORTGAGE,1370,10.0
9705,1011.02,ROCKLAND TC,6136,1.0
9686,1011.02,NEEDHAM BK,2856,2.0
9668,1011.02,EAST BOSTON SVG BK,2211,3.0
9669,1011.02,EASTERN BK,2100,4.0
9659,1011.02,CITIBANK NA,2088,5.0
9682,1011.02,LOANDEPOT.COM,1651,6.0
9715,1011.02,WELLS FARGO BK NA,1496,7.0
9689,1011.02,NORTHEAST CMNTY BK,1251,8.0
9678,1011.02,GUARANTEED RATE INC.,1193,9.0
9681,1011.02,JPMORGAN CHASE BK NA,1164,10.0
9767,1101.03,LOANDEPOT.COM,12219,1.0
9754,1101.03,GUARANTEED RATE INC.,10199,2.0
9807,1101.03,UNION YES FCU,9350,3.0
9719,1101.03,BANK OF CANTON,5007,4.0
9748,1101.03,FAIRWAY INDP MORTGAGE CORP,4748,5.0
9751,1101.03,FIRST REPUBLIC BK,4108,6.0
9792,1101.03,"PROSPECT MORTGAGE, LLC",4103,7.0
9793,1101.03,"QUICKEN LOANS, INC.",4043,8.0
9796,1101.03,RESIDENTIAL MORTGAGE SERVICES,3165,9.0
9785,1101.03,NORWOOD CO-OP BK,3164,10.0
9854,1102.01,NEEDHAM BK,2883,1.0
9862,1102.01,"QUICKEN LOANS, INC.",2518,2.0
9871,1102.01,UNION YES FCU,2359,3.0
9822,1102.01,BOSTON PRIVATE B&TC,2243,4.0
9821,1102.01,BLUE HILLS BK,1777,5.0
9850,1102.01,"MORTGAGE NETWORK, INC",1660,6.0
9837,1102.01,"FBC MORTGAGE, LLC",1600,7.0
9866,1102.01,SAGE BK,1441,8.0
9843,1102.01,LOANDEPOT.COM,1211,9.0
9861,1102.01,"PROSPECT MORTGAGE, LLC",1185,10.0
9961,1103.01,UNION YES FCU,6673,1.0
9937,1103.01,NEEDHAM BK,5120,2.0
9912,1103.01,GUARANTEED RATE INC.,4899,3.0
9921,1103.01,LOANDEPOT.COM,3719,4.0
9965,1103.01,WELLS FARGO BK NA,3441,5.0
9932,1103.01,"MORTGAGE NETWORK, INC",3191,6.0
9949,1103.01,"QUICKEN LOANS, INC.",3130,7.0
9898,1103.01,COOPERATIVE BK,2670,8.0
9880,1103.01,BANK OF AMER NA,2069,9.0
9906,1103.01,EASTERN BK,2032,10.0
10013,1104.01,GUARANTEED RATE INC.,5996,1.0
10051,1104.01,RESIDENTIAL MORTGAGE SERVICES,3950,2.0
9970,1104.01,BANK OF CANTON,3479,3.0
10001,1104.01,FAIRWAY INDP MORTGAGE CORP,3429,4.0
10022,1104.01,LOANDEPOT.COM,3146,5.0
10048,1104.01,"QUICKEN LOANS, INC.",2945,6.0
10047,1104.01,"PROSPECT MORTGAGE, LLC",2846,7.0
9991,1104.01,DEDHAM INST FOR SVG,2754,8.0
10061,1104.01,UNION YES FCU,2458,9.0
10025,1104.01,MEETINGHOUSE BK,2151,10.0
10115,1104.03,GUARANTEED RATE INC.,12451,1.0
10125,1104.03,LOANDEPOT.COM,8558,2.0
10171,1104.03,UNION YES FCU,6998,3.0
10151,1104.03,"QUICKEN LOANS, INC.",5892,4.0
10154,1104.03,RESIDENTIAL MORTGAGE SERVICES,4798,5.0
10100,1104.03,FAIRWAY INDP MORTGAGE CORP,4111,6.0
10150,1104.03,"PROSPECT MORTGAGE, LLC",3623,7.0
10069,1104.03,BANK OF AMER NA,3546,8.0
10082,1104.03,CITIZENS BK NA,3097,9.0
10070,1104.03,BANK OF CANTON,2941,10.0
10239,1105.01,LOANDEPOT.COM,7978,1.0
10283,1105.01,UNION YES FCU,7286,2.0
10229,1105.01,GUARANTEED RATE INC.,6698,3.0
10187,1105.01,BANK OF CANTON,5440,4.0
10275,1105.01,SAGE BK,4708,5.0
10227,1105.01,FREEDOM MORTGAGE CORPORATION,4596,6.0
10219,1105.01,FAIRWAY INDP MORTGAGE CORP,4389,7.0
10273,1105.01,RESIDENTIAL MORTGAGE SERVICES,4028,8.0
10269,1105.01,"PROSPECT MORTGAGE, LLC",3832,9.0
10270,1105.01,"QUICKEN LOANS, INC.",3784,10.0
10381,1105.02,ROCKLAND TC,19056,1.0
10331,1105.02,GUARANTEED RATE INC.,10049,2.0
10395,1105.02,UNION YES FCU,9837,3.0
10341,1105.02,LOANDEPOT.COM,5243,4.0
10293,1105.02,BANK OF AMER NA,4820,5.0
10378,1105.02,RESIDENTIAL MORTGAGE SERVICES,4797,6.0
10354,1105.02,"MORTGAGE NETWORK, INC",3916,7.0
10374,1105.02,"QUICKEN LOANS, INC.",3810,8.0
10339,1105.02,JPMORGAN CHASE BK NA,3749,9.0
10294,1105.02,BANK OF CANTON,3730,10.0
10468,1106.01,NEEDHAM BK,7364,1.0
10454,1106.01,LOANDEPOT.COM,5898,2.0
10488,1106.01,SANTANDER BK NA,5059,3.0
10493,1106.01,UNION YES FCU,3892,4.0
10487,1106.01,"SALEM FIVE MORTGAGE CO., LLC",3640,5.0
10407,1106.01,BANK OF AMER NA,3367,6.0
10447,1106.01,GUARANTEED RATE INC.,2837,7.0
10478,1106.01,"QUICKEN LOANS, INC.",2768,8.0
10429,1106.01,COOPERATIVE BK,2235,9.0
10482,1106.01,RESIDENTIAL MORTGAGE SERVICES,2052,10.0
10619,1106.07,UNION YES FCU,12752,1.0
10561,1106.07,LOANDEPOT.COM,11848,2.0
10554,1106.07,GUARANTEED RATE INC.,11465,3.0
10505,1106.07,BANK OF CANTON,11157,4.0
10528,1106.07,COOPERATIVE BK,6877,5.0
10628,1106.07,WELLS FARGO BK NA,6402,6.0
10605,1106.07,RESIDENTIAL MORTGAGE SERVICES,5929,7.0
10574,1106.07,"MORTGAGE NETWORK, INC",5796,8.0
10542,1106.07,FAIRWAY INDP MORTGAGE CORP,5627,9.0
10552,1106.07,GEORGETOWN BK,5607,10.0
10662,1201.03,JPMORGAN CHASE BK NA,8750,1.0
10658,1201.03,GUARANTEED RATE INC.,5083,2.0
10631,1201.03,BANK OF AMER NA,3749,3.0
10664,1201.03,LOANDEPOT.COM,3608,4.0
10690,1201.03,UNION YES FCU,2975,5.0
10693,1201.03,WELLS FARGO BK NA,2852,6.0
10634,1201.03,BLUE HILLS BK,2637,7.0
10650,1201.03,EAST CAMBRIDGE SVG BK,2611,8.0
10652,1201.03,EVERBANK,2305,9.0
10651,1201.03,EASTERN BK,2296,10.0
10733,1201.04,LOANDEPOT.COM,6782,1.0
10726,1201.04,GUARANTEED RATE INC.,6708,2.0
10771,1201.04,UNION YES FCU,5041,3.0
10722,1201.04,FIRST REPUBLIC BK,3642,4.0
10742,1201.04,"MORTGAGE MASTER, INC.",3311,5.0
10779,1201.04,WELLS FARGO BK NA,3243,6.0
10719,1201.04,FAIRWAY INDP MORTGAGE CORP,3047,7.0
10720,1201.04,"FBC MORTGAGE, LLC",2816,8.0
10744,1201.04,MSA MORTGAGE LLC,2563,9.0
10696,1201.04,BANK OF CANTON,2539,10.0
10822,1201.05,JPMORGAN CHASE BK NA,10753,1.0
10784,1201.05,BANK OF AMER NA,7842,2.0
10858,1201.05,UNION YES FCU,7647,3.0
10791,1201.05,BOSTON PRIVATE B&TC,6581,4.0
10825,1201.05,LOANDEPOT.COM,6367,5.0
10837,1201.05,NEEDHAM BK,4164,6.0
10863,1201.05,WELLS FARGO BK NA,3971,7.0
10790,1201.05,BLUE HILLS BK,3551,8.0
10862,1201.05,WEBSTER BK NA,3498,9.0
10789,1201.05,BERKSHIRE BK,3496,10.0
10958,1202.01,UNION YES FCU,14163,1.0
10905,1202.01,GUARANTEED RATE INC.,9480,2.0
10915,1202.01,LOANDEPOT.COM,8444,3.0
10942,1202.01,"PROSPECT MORTGAGE, LLC",6662,4.0
10906,1202.01,HABIB AMER BK,6000,5.0
10890,1202.01,DIGITAL FCU,4338,6.0
10925,1202.01,"MORTGAGE NETWORK, INC",4280,7.0
10908,1202.01,HINGHAM INST FOR SVG,3862,8.0
10911,1202.01,JPMORGAN CHASE BK NA,3329,9.0
10965,1202.01,WELLS FARGO BK NA,2847,10.0
11005,1203.01,GUARANTEED RATE INC.,13659,1.0
11014,1203.01,LOANDEPOT.COM,10069,2.0
11004,1203.01,FIRST REPUBLIC BK,9390,3.0
11059,1203.01,UNION YES FCU,8205,4.0
11042,1203.01,"PROSPECT MORTGAGE, LLC",6721,5.0
10989,1203.01,COOPERATIVE BK,6324,6.0
11024,1203.01,"MORTGAGE NETWORK, INC",6141,7.0
10971,1203.01,BANK OF CANTON,5317,8.0
10995,1203.01,EASTERN BK,5036,9.0
11011,1203.01,JPMORGAN CHASE BK NA,4186,10.0
11195,1204.0,UNION YES FCU,22172,1.0
11208,1204.0,WELLS FARGO BK NA,14286,2.0
11122,1204.0,GUARANTEED RATE INC.,12002,3.0
11134,1204.0,LOANDEPOT.COM,10496,4.0
11117,1204.0,FIRST REPUBLIC BK,9557,5.0
11132,1204.0,JPMORGAN CHASE BK NA,8847,6.0
11081,1204.0,BLUE HILLS BK,7504,7.0
11077,1204.0,BANK OF AMER NA,7096,8.0
11171,1204.0,"PROSPECT MORTGAGE, LLC",7010,9.0
11149,1204.0,"MORTGAGE NETWORK, INC",6291,10.0
11280,1205.0,UNION YES FCU,9501,1.0
11239,1205.0,FIRST REPUBLIC BK,9421,2.0
11241,1205.0,GUARANTEED RATE INC.,5501,3.0
11235,1205.0,FAIRWAY INDP MORTGAGE CORP,4111,4.0
11270,1205.0,"PROSPECT MORTGAGE, LLC",3362,5.0
11212,1205.0,BANK OF AMER NA,3262,6.0
11213,1205.0,BANK OF CANTON,2621,7.0
11248,1205.0,LOANDEPOT.COM,2550,8.0
11219,1205.0,BLUE HILLS BK,2093,9.0
11286,1205.0,WELLS FARGO BK NA,2051,10.0
11324,1206.0,LOANDEPOT.COM,6929,1.0
11358,1206.0,UNION YES FCU,6058,2.0
11317,1206.0,GUARANTEED RATE INC.,5862,3.0
11345,1206.0,RESIDENTIAL MORTGAGE SERVICES,4061,4.0
11322,1206.0,JPMORGAN CHASE BK NA,3989,5.0
11301,1206.0,CITIBANK NA,3556,6.0
11330,1206.0,"MORTGAGE MASTER, INC.",3244,7.0
11290,1206.0,BANK OF AMER NA,3115,8.0
11363,1206.0,WEBSTER BK NA,2992,9.0
11342,1206.0,"PROSPECT MORTGAGE, LLC",2656,10.0
11375,1207.0,BROOKLINE BK,13970,1.0
11430,1207.0,UNION YES FCU,5465,2.0
11389,1207.0,FIRST REPUBLIC BK,3962,3.0
11398,1207.0,LOANDEPOT.COM,2814,4.0
11420,1207.0,"PROSPECT MORTGAGE, LLC",2270,5.0
11428,1207.0,ST ANNES CU OF FALL RIVER,2200,6.0
11437,1207.0,WELLS FARGO BK NA,2125,7.0
11369,1207.0,BANK OF CANTON,2110,8.0
11392,1207.0,GUARANTEED RATE INC.,2012,9.0
11421,1207.0,"QUICKEN LOANS, INC.",1819,10.0
11506,1301.0,GUARANTEED RATE INC.,12802,1.0
11517,1301.0,LOANDEPOT.COM,10057,2.0
11568,1301.0,RESIDENTIAL MORTGAGE SERVICES,9912,3.0
11533,1301.0,"MORTGAGE NETWORK, INC",9719,4.0
11585,1301.0,UNION YES FCU,8239,5.0
11541,1301.0,NEEDHAM BK,7678,6.0
11489,1301.0,FAIRWAY INDP MORTGAGE CORP,7410,7.0
11566,1301.0,"QUICKEN LOANS, INC.",5337,8.0
11575,1301.0,SANTANDER BK NA,5139,9.0
11447,1301.0,BANK OF CANTON,5035,10.0
11667,1302.0,LOANDEPOT.COM,12083,1.0
11656,1302.0,GUARANTEED RATE INC.,10438,2.0
11685,1302.0,NEEDHAM BK,9359,3.0
11714,1302.0,UNION YES FCU,9147,4.0
11664,1302.0,JPMORGAN CHASE BK NA,6219,5.0
11697,1302.0,"QUICKEN LOANS, INC.",5878,6.0
11602,1302.0,BANK OF AMER NA,5032,7.0
11603,1302.0,BANK OF CANTON,4861,8.0
11704,1302.0,SAGE BK,4271,9.0
11642,1302.0,FAIRWAY INDP MORTGAGE CORP,4202,10.0
11769,1303.0,GUARANTEED RATE INC.,9265,1.0
11826,1303.0,SANTANDER BK NA,7884,2.0
11835,1303.0,UNION YES FCU,7665,3.0
11780,1303.0,LOANDEPOT.COM,7420,4.0
11729,1303.0,BANK OF AMER NA,6804,5.0
11843,1303.0,WELLS FARGO BK NA,5492,6.0
11733,1303.0,BERKSHIRE BK,5443,7.0
11797,1303.0,NEEDHAM BK,5182,8.0
11746,1303.0,CITY OF BOSTON CU,5134,9.0
11761,1303.0,FAIRWAY INDP MORTGAGE CORP,4640,10.0
11870,1304.02,COOPERATIVE BK,9313,1.0
11969,1304.02,UNION YES FCU,8675,2.0
11895,1304.02,GUARANTEED RATE INC.,7457,3.0
11908,1304.02,LOANDEPOT.COM,7454,4.0
11952,1304.02,"QUICKEN LOANS, INC.",6971,5.0
11975,1304.02,WELLS FARGO BK NA,4782,6.0
11954,1304.02,RESIDENTIAL MORTGAGE SERVICES,4687,7.0
11928,1304.02,NEEDHAM BK,4644,8.0
11849,1304.02,BANK OF AMER NA,4256,9.0
11850,1304.02,BANK OF CANTON,3110,10.0
11995,1304.04,DIGITAL FCU,9849,1.0
12012,1304.04,GUARANTEED RATE INC.,5987,2.0
11993,1304.04,COOPERATIVE BK,4965,3.0
12065,1304.04,UNION YES FCU,3634,4.0
12019,1304.04,LOANDEPOT.COM,3383,5.0
12048,1304.04,"QUICKEN LOANS, INC.",3237,6.0
12032,1304.04,NEEDHAM BK,2322,7.0
11977,1304.04,BANK OF AMER NA,2224,8.0
12055,1304.04,SANTANDER BK NA,1949,9.0
11980,1304.04,BERKSHIRE BK,1845,10.0
12105,1304.06,LOANDEPOT.COM,4041,1.0
12099,1304.06,GUARANTEED RATE INC.,3434,2.0
12128,1304.06,"QUICKEN LOANS, INC.",2763,3.0
12146,1304.06,WELLS FARGO BK NA,2651,4.0
12134,1304.06,SAGE BK,2609,5.0
12131,1304.06,RESIDENTIAL MORTGAGE SERVICES,1968,6.0
12092,1304.06,FAIRWAY INDP MORTGAGE CORP,1830,7.0
12075,1304.06,BANK OF AMER NA,1642,8.0
12141,1304.06,UNION YES FCU,1559,9.0
12117,1304.06,NEW PENN FINANCIAL LLC,1302,10.0
12218,1401.02,NEEDHAM BK,7439,1.0
12188,1401.02,GUARANTEED RATE INC.,6266,2.0
12242,1401.02,"QUICKEN LOANS, INC.",4509,3.0
12197,1401.02,LOANDEPOT.COM,4470,4.0
12245,1401.02,RESIDENTIAL MORTGAGE SERVICES,3705,5.0
12261,1401.02,UNION YES FCU,3661,6.0
12151,1401.02,BLUE HILLS BK,3620,7.0
12267,1401.02,WELLS FARGO BK NA,3423,8.0
12149,1401.02,BANK OF AMER NA,2988,9.0
12153,1401.02,BOSTON FRFTRS CU,2926,10.0
12351,1401.05,RESIDENTIAL MORTGAGE SERVICES,5631,1.0
12349,1401.05,"QUICKEN LOANS, INC.",4805,2.0
12277,1401.05,BLUE HILLS BK,3262,3.0
12348,1401.05,"PROSPECT MORTGAGE, LLC",2883,4.0
12319,1401.05,LOANDEPOT.COM,2495,5.0
12313,1401.05,GUARANTEED RATE INC.,2465,6.0
12301,1401.05,FAIRWAY INDP MORTGAGE CORP,2266,7.0
12357,1401.05,SAGE BK,1991,8.0
12274,1401.05,BANK OF AMER NA,1889,9.0
12358,1401.05,"SALEM FIVE MORTGAGE CO., LLC",1824,10.0
12386,1401.06,NEEDHAM BK,2117,1.0
12377,1401.06,LOANDEPOT.COM,1276,2.0
12369,1401.06,BLUE HILLS BK,656,3.0
12375,1401.06,HOME LOAN INV BK FSB,548,4.0
12368,1401.06,BERKSHIRE BK,545,5.0
12380,1401.06,"MEMBERS MORTGAGE COMPANY, INC.",401,6.0
12371,1401.06,DEDHAM INST FOR SVG,397,7.0
12383,1401.06,"MORTGAGE NETWORK, INC",391,8.0
12373,1401.06,FAIRWAY INDP MORTGAGE CORP,330,9.0
12374,1401.06,GUARANTEED RATE INC.,329,10.0
12421,1401.07,GUARANTEED RATE INC.,3976,1.0
12448,1401.07,"QUICKEN LOANS, INC.",3772,2.0
12426,1401.07,LOANDEPOT.COM,2695,3.0
12450,1401.07,RESIDENTIAL MORTGAGE SERVICES,2101,4.0
12392,1401.07,BLUE HILLS BK,1962,5.0
12454,1401.07,SANTANDER BK NA,1858,6.0
12458,1401.07,UNION YES FCU,1682,7.0
12463,1401.07,WELLS FARGO BK NA,1605,8.0
12409,1401.07,EASTERN BK,1561,9.0
12408,1401.07,EAST BOSTON SVG BK,1413,10.0
12488,1402.01,GUARANTEED RATE INC.,3049,1.0
12510,1402.01,"QUICKEN LOANS, INC.",2817,2.0
12470,1402.01,BLUE HILLS BK,2276,3.0
12477,1402.01,CITY OF BOSTON CU,1834,4.0
12513,1402.01,RESIDENTIAL MORTGAGE SERVICES,1696,5.0
12467,1402.01,BANK OF CANTON,1473,6.0
12503,1402.01,NEEDHAM BK,1255,7.0
12500,1402.01,MORTGAGE EQUITY PARTNERS,1032,8.0
12471,1402.01,BOSTON FRFTRS CU,1021,9.0
12474,1402.01,CITIBANK NA,1008,10.0
12578,1402.02,GUARANTEED RATE INC.,9365,1.0
12620,1402.02,"QUICKEN LOANS, INC.",9305,2.0
12540,1402.02,BLUE HILLS BK,6739,3.0
12624,1402.02,RESIDENTIAL MORTGAGE SERVICES,4582,4.0
12627,1402.02,SAGE BK,4104,5.0
12535,1402.02,BANK OF AMER NA,4056,6.0
12587,1402.02,LOANDEPOT.COM,3467,7.0
12629,1402.02,SANTANDER BK NA,3455,8.0
12565,1402.02,FAIRWAY INDP MORTGAGE CORP,2499,9.0
12618,1402.02,"PROSPECT MORTGAGE, LLC",2332,10.0
12663,1403.0,DEDHAM INST FOR SVG,7209,1.0
12691,1403.0,LOANDEPOT.COM,6093,2.0
12716,1403.0,"QUICKEN LOANS, INC.",5851,3.0
12667,1403.0,EAST BOSTON SVG BK,5203,4.0
12647,1403.0,BANK OF AMER NA,4072,5.0
12681,1403.0,GUARANTEED RATE INC.,3467,6.0
12736,1403.0,WELLS FARGO BK NA,3118,7.0
12719,1403.0,RESIDENTIAL MORTGAGE SERVICES,2789,8.0
12651,1403.0,BLUE HILLS BK,2284,9.0
12660,1403.0,CITY OF BOSTON CU,2178,10.0
12838,1404.0,"QUICKEN LOANS, INC.",10599,1.0
12803,1404.0,LOANDEPOT.COM,4462,2.0
12745,1404.0,BANK OF AMER NA,4052,3.0
12790,1404.0,GUARANTEED RATE INC.,3571,4.0
12748,1404.0,BLUE HILLS BK,3415,5.0
12847,1404.0,SANTANDER BK NA,3108,6.0
12757,1404.0,CITIBANK NA,3041,7.0
12862,1404.0,WELLS FARGO BK NA,2781,8.0
12758,1404.0,CITIZENS BK NA,2741,9.0
12841,1404.0,RESIDENTIAL MORTGAGE SERVICES,2438,10.0
12927,1805.0,MSA MORTGAGE LLC,14421,1.0
12953,1805.0,"QUICKEN LOANS, INC.",6587,2.0
12913,1805.0,LOANDEPOT.COM,5387,3.0
12969,1805.0,UNION YES FCU,4998,4.0
12960,1805.0,"SALEM FIVE MORTGAGE CO., LLC",4679,5.0
12956,1805.0,RIVER WKS CU,4272,6.0
12905,1805.0,GUARANTEED RATE INC.,4212,7.0
12958,1805.0,SAGE BK,4048,8.0
12976,1805.0,WELLS FARGO BK NA,3105,9.0
12955,1805.0,RESIDENTIAL MORTGAGE SERVICES,2854,10.0
12980,9803.0,MANSFIELD CO-OP BK,341,1.0
12981,9803.0,MUTUAL BK,300,2.0
12983,9807.0,FEDERAL SVGS BK,557,1.0
12982,9807.0,BERKSHIRE BK,445,2.0
12985,9810.0,GUARANTEED RATE INC.,396,1.0
12984,9810.0,COMMERCE B&TC,4,2.0
12990,9811.0,GUARANTEED RATE INC.,517,1.0
12989,9811.0,GMH MORTGAGE SERVICES LLC,429,2.0
12991,9811.0,NORTHERN B&TC,341,3.0
12987,9811.0,"EMBRACE HOME LOANS, INC.",300,4.0
12988,9811.0,FIRST HOME MORTGAGE CORPORATIO,254,5.0
12992,9811.0,"STEARNS LENDING, INC.",225,6.0
12986,9811.0,BANK OF AMER NA,218,7.0
12994,9812.02,HINGHAM INST FOR SVG,1250,1.0
12996,9812.02,LOANDEPOT.COM,1203,2.0
12995,9812.02,JPMORGAN CHASE BK NA,545,3.0
12999,9812.02,WEBSTER BK NA,480,4.0
12998,9812.02,"MORTGAGE NETWORK, INC",447,5.0
12993,9812.02,CENT MTG CO D/B/A CENTURY LEND,326,6.0
12997,9812.02,MEETINGHOUSE BK,253,7.0
13018,9813.0,GUARANTEED RATE INC.,8118,1.0
13012,9813.0,FAIRWAY INDP MORTGAGE CORP,1861,2.0
13001,9813.0,BANK OF AMER NA,1687,3.0
13036,9813.0,RESIDENTIAL MORTGAGE SERVICES,1509,4.0
13046,9813.0,UNITED SHORE FINANCIAL SERVICE,1215,5.0
13045,9813.0,UNION YES FCU,1193,6.0
13031,9813.0,PATRIOT COMNTY BK,1146,7.0
13004,9813.0,BLUE HILLS BK,980,8.0
13034,9813.0,"QUICKEN LOANS, INC.",865,9.0
13033,9813.0,"PROSPECT MORTGAGE, LLC",862,10.0
13050,9815.01,BOSTON PRIVATE B&TC,1350,1.0
13051,9815.02,JG WENTWORTH HOME LENDING LLC,310,1.0
13065,9817.0,WATERTOWN SVG BK,3720,1.0
13057,9817.0,FIRST REPUBLIC BK,2340,2.0
13052,9817.0,BLUE HILLS BK,1432,3.0
13056,9817.0,EASTERN BK,1275,4.0
13054,9817.0,CITIZENS BK NA,1183,5.0
13063,9817.0,PNC BK NA,1014,6.0
13064,9817.0,SANTANDER BK NA,760,7.0
13060,9817.0,MORGAN STANLEY PRIV BK NA,719,8.0
13059,9817.0,JPMORGAN CHASE BK NA,700,9.0
13062,9817.0,PEOPLES UNITED BK,590,10.0
13066,9818.0,WELLS FARGO BK NA,383,1.0
